review,rating,date,bank,source
"""Why don’t your ATMs support account-to-account transfers like other countries( Kenya, Nigeria , South africa)""",4,2025-06-06,CBE,Google Play
what is this app problem???,1,2025-06-05,CBE,Google Play
the app is proactive and a good connections.,5,2025-06-05,CBE,Google Play
I cannot send to cbebirr app. through this app.,3,2025-06-05,CBE,Google Play
not functional,1,2025-06-05,CBE,Google Play
"everytime you uninstall the app you have to reach them out physically. very oldy! if that's one of security layer, they'd check for fraud attempt via app source directly(source:- app store, play store ... etc) implicitly ! we are in 2025, physical presence for every app install is traditional(traditionally very rare).",1,2025-06-04,CBE,Google Play
it was good app but it have some issues like it doesnt give me the right amount that I have in the bank and have some issues in transferring,2,2025-06-04,CBE,Google Play
best app of finance,5,2025-06-04,CBE,Google Play
it is not safety,1,2025-06-03,CBE,Google Play
it is like a childish app make it better the worst I have ever seen,1,2025-06-02,CBE,Google Play
"It's a problem solver application, go ahead CBE, I love so much.",5,2025-06-02,CBE,Google Play
It's good but try to make it facilitate for your client,4,2025-06-02,CBE,Google Play
this app has developed in a very good ways but there are some comments I need to make 1- preventing the screenshot likely not good for someone like me coz I need to make screenshot for quicker evidence. 2-it would be good if you make us to access recent transaction histories for 30 days coz we don't have to go to the Bank's in person to see old transactions or add colander category so user can easily access old transactions through colanders.,5,2025-05-31,CBE,Google Play
"Recently there is big problem when sending to safaricom, telebir, and even to cbebirr wallet could anybody who is responsible fix it, it's very frustrating it's been 5 days and my money hasn't been returned it takes it out of my account but doesn't send it to my mpesa update- they have just corrected it and sent me back the money but still I'm afraid now to send again",2,2025-05-31,CBE,Google Play
"it,s good app and time manager 👍",5,2025-05-30,CBE,Google Play
lower system everything,3,2025-05-30,CBE,Google Play
Keep it up My CBE,5,2025-05-29,CBE,Google Play
"I was using this app for the last two years with no problems. It stopped working about 3 months ago. when I tried to transfer funds it gives me error ""can't do this transaction. inactive account.""",4,2025-05-27,CBE,Google Play
i like everything of this app,5,2025-05-27,CBE,Google Play
CBE is the best financial application and and very dimple to use. I would like to say thank you so much for the developer of application. I really appreciate this app.,5,2025-05-26,CBE,Google Play
it's awesome!!,5,2025-05-25,CBE,Google Play
thankyou every one,5,2025-05-25,CBE,Google Play
"this app is absolutely fantastic I love it and I enjoying to it ,let us support this foundation together .",5,2025-05-25,CBE,Google Play
"The CBE app has been highly unreliable in recent weeks. It frequently fails to work properly on both Ethio Telecom and Safaricom networks, whether using Wi-Fi or mobile data. This week, the system was down entirely for extended periods, making it very difficult to access banking services. The app only functions intermittently, and the lack of consistency is frustrating. I hope the issues are addressed soon, and that any non-technical influences are removed from such essential services.",2,2025-05-25,CBE,Google Play
mortuary app,5,2025-05-25,CBE,Google Play
it is smart app but it has stoped after some period of time on my device with out any reason .,5,2025-05-25,CBE,Google Play
amazing app I am used this app for one year,4,2025-05-24,CBE,Google Play
good app,5,2025-05-24,CBE,Google Play
It makes life easy!👌,5,2025-05-24,CBE,Google Play
its not fast,1,2025-05-24,CBE,Google Play
accessible to using,5,2025-05-23,CBE,Google Play
why you change default network?,5,2025-05-23,CBE,Google Play
how to I get my money,5,2025-05-22,CBE,Google Play
"Very bad, can't even load they need to improve their services.",1,2025-05-22,CBE,Google Play
"Very good app, but please make it reliable . it crashes sometimes .",4,2025-05-22,CBE,Google Play
"Sometimes it has a nasty lag for several hour fix that , the rest is 👌",4,2025-05-22,CBE,Google Play
the most boring Mobil banking application in ethiopia.Please use alternative private banks mobile banking apps,1,2025-05-22,CBE,Google Play
user-friendly apps.because this app is easy.,5,2025-05-22,CBE,Google Play
ይህ መተግበሪያ በጣም ጥሩ ነው. this app is very nice,5,2025-05-22,CBE,Google Play
I hate this app 😒,1,2025-05-22,CBE,Google Play
"This app is good, and we are using it well",1,2025-05-21,CBE,Google Play
very nice 👌 app for android phone,5,2025-05-21,CBE,Google Play
easy to use helpful in my life,5,2025-05-21,CBE,Google Play
the best mobile banking app,5,2025-05-21,CBE,Google Play
"this app is very useful app,it saves time,and it is secure",4,2025-05-21,CBE,Google Play
it's a good application 👍,5,2025-05-21,CBE,Google Play
the screenshot and the reffresh options are so annoying that makes transaction so delaying activity !,2,2025-05-21,CBE,Google Play
poor service,1,2025-05-20,CBE,Google Play
it is reliable and easy to use.,5,2025-05-20,CBE,Google Play
the most annoying mobile banking app I've ever seen,1,2025-05-20,CBE,Google Play
"i can't make Screenshout in this app, please made modification",5,2025-05-20,CBE,Google Play
Best app I loved it,5,2025-05-18,CBE,Google Play
Amazing applicatiom sometimes doesnt work!,5,2025-05-18,CBE,Google Play
well satisfied with this beautiful app,5,2025-05-18,CBE,Google Play
"not working,why???",5,2025-05-17,CBE,Google Play
Great impact but why Developer option turnoff if you fix 🙏 🙏 🙏,5,2025-05-17,CBE,Google Play
always disappointing ! especially the iOS one !! some similar local applications are extremely superior to this application!! Really disappointing!,1,2025-05-17,CBE,Google Play
"Good ,easy to use",5,2025-05-16,CBE,Google Play
Good app,5,2025-05-15,CBE,Google Play
"Please kindly ask to update the app and allow us to screenshot, it's convenient and efficient as long as you add security to the access there is no reason to block us from screenshooting our screen.",2,2025-05-14,CBE,Google Play
I have using the CBE mobile banking app. and overall i appreciate its Feuteres However i.ve Notticed that when i turn on the Developer options on my divice the App.Stop Functioning prorerly It.Would Be Great If You could look into This issue as l often need to access Developer setting for Otter Application ThankYou For Your attention to This Matter,4,2025-05-13,CBE,Google Play
customer service is bad nothing is good about this bank,1,2025-05-13,CBE,Google Play
It is Amazing Mobile Banking App....But why the screenshot of the receipt doesnt work,5,2025-05-13,CBE,Google Play
fast and simple easy to use 👌,5,2025-05-12,CBE,Google Play
The fastest transferring app I ever had its so reliable,5,2025-05-11,CBE,Google Play
"Funds transferred from the same bank do not reflect in the account, even though a confirmation text message was received.",3,2025-05-11,CBE,Google Play
it's easy and fast,5,2025-05-10,CBE,Google Play
This app don't have self activation only you have to look near cbe branch that's disgusting,1,2025-05-10,CBE,Google Play
hello dearest CBE office personnel make some benefits for those using interest free accounts thanks for your help,5,2025-05-09,CBE,Google Play
wow best application ever,5,2025-05-09,CBE,Google Play
"Am sorry but what does developer mode do to the application ? hack it ? are you sure you are developer or are you stupid, doesnt makes sense,",1,2025-05-08,CBE,Google Play
the pride of Ethiopian bank 🏦,5,2025-05-08,CBE,Google Play
why the app telling me to turn of developer options please fix it.,1,2025-05-07,CBE,Google Play
i am very happy . i have small prob. after i transfer i cant put the transfer cashe bil to my dic.,5,2025-05-07,CBE,Google Play
All service of Mobile Banking,5,2025-05-06,CBE,Google Play
i miss the old one i couldn't send my mony to other bank..,1,2025-05-06,CBE,Google Play
the app is recently crushing each time you open and try to make transfers...it used to be good. take lessons from the Dashen Super app or ethiotelecom. it is not befitting of your experience and glory. inv3st in making it more friendly and convenient. I am considering leaving CBE for good.,2,2025-05-06,CBE,Google Play
good but these week not oky,4,2025-05-06,CBE,Google Play
well designed! Fixing bugs & two step verification with biometric... simply it's great!,5,2025-05-06,CBE,Google Play
If any developer is reading this please fix the screenshot functionality or at least the download button should work flawlessly without me touching it twenty times.,1,2025-05-05,CBE,Google Play
"it's a great job.but one more thing, it hasn't been placed for transfer to other banks on face like mobile charge card place",5,2025-05-05,CBE,Google Play
it's very low quality application,1,2025-05-04,CBE,Google Play
Very Amazing Apps,5,2025-05-04,CBE,Google Play
wow simple life,5,2025-05-04,CBE,Google Play
it's nice,5,2025-05-03,CBE,Google Play
Why stacked sometimes,5,2025-05-03,CBE,Google Play
okay 👍 but sometimes busy,1,2025-05-03,CBE,Google Play
the worst commercial company that fails to do even the most normal things again and and again.,1,2025-05-03,CBE,Google Play
Very good app. but disappointed by general cessation of system.,5,2025-05-02,CBE,Google Play
Good and fast,5,2025-05-02,CBE,Google Play
Best the best fast,5,2025-05-02,CBE,Google Play
fast and reliable,5,2025-05-02,CBE,Google Play
Best app but there is some problem I can't send money to telebirr or mpesa so if you can add that it could be use full,4,2025-05-02,CBE,Google Play
its good and simple to use,5,2025-05-02,CBE,Google Play
worest app like that bank for security and network access,1,2025-05-02,CBE,Google Play
it's the best app i,5,2025-05-02,CBE,Google Play
its very nice,5,2025-05-02,CBE,Google Play
It crashes frequently,4,2025-04-30,CBE,Google Play
the best,5,2025-04-28,CBE,Google Play
"I can simply describe this app as ""Making all your work easier"".",5,2025-04-28,CBE,Google Play
best appearance,5,2025-04-27,CBE,Google Play
I need support you,5,2025-04-26,CBE,Google Play
the worst Mobile banking i have ever seen in my life,1,2025-04-26,CBE,Google Play
the Best,1,2025-04-26,CBE,Google Play
to other bank is bad,1,2025-04-25,CBE,Google Play
its good but add more features such like. bank statement showing,5,2025-04-24,CBE,Google Play
it is so nice,5,2025-04-24,CBE,Google Play
"my first frequent experience of cbe app is critical-time failure such as suspending payment on air for 2-5 days with zero explanation, deducting from sender account without depositing to the receiver act. Another fatal error by the banking company as a whole (not the app itself though) is forced-banking with corporations without consent of employers-users of the corresponding corporations",2,2025-04-21,CBE,Google Play
Great app,5,2025-04-21,CBE,Google Play
well app,5,2025-04-20,CBE,Google Play
Actually it is inactive,4,2025-04-19,CBE,Google Play
"slow, only one account is used",2,2025-04-19,CBE,Google Play
always CBE is the leading Commercial Bank💪💪💪,5,2025-04-18,CBE,Google Play
why removing screenshot feature why?,1,2025-04-18,CBE,Google Play
nice apps where network is good in connection,5,2025-04-18,CBE,Google Play
i can't take screenshot,1,2025-04-18,CBE,Google Play
"every update was made the system better and better until the March 19th, 2025 update, not allowing us to screenshot. you guys didn't understand how much it's a really quick and significant thing. You add extra steps to us, which makes the process draw back",3,2025-04-18,CBE,Google Play
perfectly special,5,2025-04-18,CBE,Google Play
Fast and Reliable,5,2025-04-18,CBE,Google Play
The best application I have ever seen in Ethiopia banking industry.,5,2025-04-17,CBE,Google Play
because sometimes it doesn't working it load too much,3,2025-04-17,CBE,Google Play
"Absolutely the best app! It works flawlessly, anytime and anywhere.",5,2025-04-17,CBE,Google Play
very nice app ever!!!,5,2025-04-16,CBE,Google Play
the best app,5,2025-04-16,CBE,Google Play
Biometric security for mobile banking is not available,5,2025-04-16,CBE,Google Play
great app,5,2025-04-15,CBE,Google Play
it's special apps,5,2025-04-15,CBE,Google Play
"In the updated version of the app, it takes more time to download the receipt.",3,2025-04-15,CBE,Google Play
very interesting app i am using every day fantastic,5,2025-04-14,CBE,Google Play
Can't scan/recognize other banks' Interoperable QR Codes,1,2025-04-13,CBE,Google Play
everthing wellbeok,3,2025-04-13,CBE,Google Play
"""This mobile banking app is fast and user-friendly, but the only issue I encountered is that I can't access my bank statement within the app. I kindly request that this feature be added, similar to what is offered by other private bank mobile banking apps.",4,2025-04-12,CBE,Google Play
why did this app is not screenshot,5,2025-04-12,CBE,Google Play
it so good app,5,2025-04-12,CBE,Google Play
"less network, specially to make fee for utility purpose",1,2025-04-11,CBE,Google Play
simply for used,4,2025-04-10,CBE,Google Play
its great app but when updating we can't take screen shot please try to fix it,3,2025-04-10,CBE,Google Play
everything is easy thank you cebe,5,2025-04-10,CBE,Google Play
but this app says can't sync,5,2025-04-09,CBE,Google Play
work on screen shot system,4,2025-04-08,CBE,Google Play
very very nice aplication,1,2025-04-08,CBE,Google Play
wonder full and it is easy to use,5,2025-04-08,CBE,Google Play
easy and reliable,2,2025-04-08,CBE,Google Play
it is Very Useful app 👍,5,2025-04-07,CBE,Google Play
commerial Bank,5,2025-04-06,CBE,Google Play
it is good but it doesn't allow screen shot,4,2025-04-06,CBE,Google Play
the best one,5,2025-04-06,CBE,Google Play
You need to copy many things from other bank apps like Amole(Dashen),2,2025-04-06,CBE,Google Play
bring back the screenshot feature.,1,2025-04-05,CBE,Google Play
best app to experience him that to smooth transaction among the customers,1,2025-04-05,CBE,Google Play
nice app suitable to use it. the only weak side is it need data connections and hoping will be fixed to offline i gave 4 rate,4,2025-04-05,CBE,Google Play
easy to use,5,2025-04-05,CBE,Google Play
"Good job to the CBE team on this mobile app! It's designed in a way that's simple and intuitive to navigate, which is great for everyone. It effectively handles the essential banking tasks I need to perform regularly. It's a practical and reliable tool that makes everyday banking much more convenient. Thank you for this useful application.",5,2025-04-04,CBE,Google Play
before it was smooth and good. this time after the new update in 2025 i can not make screenshot of my recite. even the downlod button is very delayed in putting my recite in my gallery for simple proof. please fix this i am unable to show proof of payment to my clients. thankyou.,3,2025-04-04,CBE,Google Play
this app is very necessary app many people found it,5,2025-04-03,CBE,Google Play
cbe very active Bank I'm using CBE app very very satisfaction,5,2025-04-03,CBE,Google Play
It made life alot easier. I cant even imagine having to make all those transactions in person. So this app was crucial for me. Very good app. well done.,5,2025-04-03,CBE,Google Play
thankyou,5,2025-04-02,CBE,Google Play
"I don't understand the reason, why I need to disable developer options to access the app, it has no security risks nor does it hinder the app's functionalities. This goes out to the dev, I hope your life is filled with inconveniences.",1,2025-04-02,CBE,Google Play
it's great,5,2025-04-02,CBE,Google Play
very good app and stars faction with work,5,2025-04-01,CBE,Google Play
It is excelent,5,2025-04-01,CBE,Google Play
very interesting app,5,2025-04-01,CBE,Google Play
the most useful,5,2025-04-01,CBE,Google Play
I am more satisfied in this app . More sure you have to secure.,4,2025-04-01,CBE,Google Play
Easy to use,5,2025-04-01,CBE,Google Play
"very good, but sometimes NUR CBE comes without my consent. even if I choose locked, it appears",4,2025-04-01,CBE,Google Play
always we relay on,5,2025-04-01,CBE,Google Play
I'm lucky to have this🙏 thank you CBE.,5,2025-04-01,CBE,Google Play
it's need more improvement like Tellbirr.,4,2025-04-01,CBE,Google Play
it's good app,5,2025-04-01,CBE,Google Play
It is veary useful app but screen shout was impossible .solve this problem,5,2025-04-01,CBE,Google Play
Dear cbe this app is not comparable with 21century and pls try to solve it.💀💀💀,1,2025-04-01,CBE,Google Play
best transaction method of financial,5,2025-04-01,CBE,Google Play
#CBE is Now going to on the right Pathway/track/!! Thank you CBE one step ahead on payment platform app!!,5,2025-04-01,CBE,Google Play
It literarily don't work at all,4,2025-04-01,CBE,Google Play
"Very good application. However, I have one functionality recommendation. What if you let the app transfer money to any telebirr account as for MPESA? By the way, I am not the only one to ask this. Thank you!",4,2025-03-31,CBE,Google Play
before update it was able to screenshot while after update I can't able to screenshot the transfere details,4,2025-03-31,CBE,Google Play
Tnc Cbe,5,2025-03-31,CBE,Google Play
it is good app. But you have integrate cbe with cbe birr. to allow cardless withdrawal directly from our accout!,4,2025-03-31,CBE,Google Play
great apps,5,2025-03-31,CBE,Google Play
Great app!,4,2025-03-31,CBE,Google Play
CBE,5,2025-03-31,CBE,Google Play
great when it works,5,2025-03-31,CBE,Google Play
"the app is very good, but why screenshots is impossible?",5,2025-03-31,CBE,Google Play
easy to use and user friendly,5,2025-03-31,CBE,Google Play
well software,5,2025-03-31,CBE,Google Play
CBE very good apps,5,2025-03-31,CBE,Google Play
"This application fast, secure and more convenient. Thanks CBE",5,2025-03-31,CBE,Google Play
it's best,5,2025-03-31,CBE,Google Play
Why didn't you display cash transactions and bank statement in the mobile banking app?,4,2025-03-31,CBE,Google Play
our legitimate bank,4,2025-03-31,CBE,Google Play
Ever and never seen this kind of app I proud my CBE,5,2025-03-31,CBE,Google Play
very good and safe for me!,5,2025-03-31,CBE,Google Play
"very good, but sometimes....",4,2025-03-31,CBE,Google Play
Why not allowed to pay for fuel?,4,2025-03-31,CBE,Google Play
Really! this app is more simple to use at any time in every where also it's transaction quality between the users within the transaction receipt as abank that means this app is our bank on hand in mobile frankly I proud on this bank digital. I have no word to wrote ...... but it's have weakness on poor connection.,5,2025-03-31,CBE,Google Play
Great version,5,2025-03-31,CBE,Google Play
Good and easy to use,5,2025-03-31,CBE,Google Play
nice app and fast money transfer,5,2025-03-31,CBE,Google Play
Really automated...,5,2025-03-31,CBE,Google Play
Recently app keeps closing and the notification after says this app has a bug. Can you make an update please,4,2025-03-31,CBE,Google Play
there is some issue the process it delay,3,2025-03-31,CBE,Google Play
what an amazing application in Ethiopian Banking industry which is very interested one!,5,2025-03-31,CBE,Google Play
interesting,3,2025-03-30,CBE,Google Play
it is very good app,5,2025-03-30,CBE,Google Play
It is very excellent anddynamic plus user friend all in one bank apps of the era. I loved it.,5,2025-03-30,CBE,Google Play
Very God thanks,5,2025-03-30,CBE,Google Play
The sum is good.,3,2025-03-30,CBE,Google Play
best of bests,5,2025-03-30,CBE,Google Play
am happy thank you CBE🫡,5,2025-03-30,CBE,Google Play
"The history sometimes misses transactions, tranfer to cbe birr debited but not really transferred, We need to really cop up with the world for real. The hacks and security problems, invest on and solve them.",3,2025-03-30,CBE,Google Play
best apps for useing,5,2025-03-29,CBE,Google Play
Good apps ...But fix the screenshot its not easy like before ......,5,2025-03-29,CBE,Google Play
"I am not exaggerating when I say that this application is one of the biggest players in the banking industry. It has simplified a lot of things for the user, even if the bank is in his pocket. But my opinion is (1), when we transfer money, there is a word limit on the (Note) at the end. Why can't we write our reason briefly? I don't understand why it is limited. On the other hand, there is no limit on the bank. Could you explain this? (2), when we pay for water, why is the code not mentioned",5,2025-03-29,CBE,Google Play
in this update why screenshoot is disabled now it's not working,1,2025-03-28,CBE,Google Play
"realy I donot seen like this application ! fast ,safe ande confortable",5,2025-03-28,CBE,Google Play
Excellent but needed upgrading!,5,2025-03-28,CBE,Google Play
goods app!! pleace update this apps??,4,2025-03-27,CBE,Google Play
"The latest update prevents taking screenshots, which is really annoying! please allow us to take screenshots! we need it for evidence (particularly, in case of transfer failure!).",1,2025-03-27,CBE,Google Play
Fantastic app! I appreciate it very much,5,2025-03-27,CBE,Google Play
Doesn't work properly. It crashes some many times. commercial bank of Ethiopia not only the application but also sending money to own CBE birr doesn't get your money in your bank account. forcefully you must wait 3-5 days to get your money back to your account. walk up CBE the world is going to decentralized finance.,1,2025-03-26,CBE,Google Play
It crashes multiple times everytime you launch it. Fix it. Edit: crash fixed but screenshots has been disabled. I don't know who thought this was a good idea.,1,2025-03-26,CBE,Google Play
why why u remove screen shoot😡😡,2,2025-03-26,CBE,Google Play
"I fails mid transaction, No screenshot, download don't work, link shared not working bring back the old app this is usless",1,2025-03-26,CBE,Google Play
very nice one,5,2025-03-26,CBE,Google Play
good application,5,2025-03-25,CBE,Google Play
problem solver and the best fast app,5,2025-03-25,CBE,Google Play
Please bring back the screenshot option. The screenshot download option takes like 15 second appear in gallery and most people don't know about it.,3,2025-03-25,CBE,Google Play
you must added dark mode options ❗,3,2025-03-24,CBE,Google Play
Thank you,5,2025-03-24,CBE,Google Play
cbe,5,2025-03-24,CBE,Google Play
very nice and convenient app,5,2025-03-24,CBE,Google Play
there are to many bugs app keeps crashi ng and the update file seems to keep getting worse,2,2025-03-24,CBE,Google Play
Great experience so far but why this app ain't working while developer mode is on?,4,2025-03-24,CBE,Google Play
why did the screen shot stopped ?????,3,2025-03-24,CBE,Google Play
it's a very good application but sometimes it takes a long time to synchronize,4,2025-03-23,CBE,Google Play
it's very good,5,2025-03-23,CBE,Google Play
to getting money,5,2025-03-23,CBE,Google Play
some times it is difficult to get reciepts for the payment made,1,2025-03-23,CBE,Google Play
this app is best,1,2025-03-23,CBE,Google Play
it's very useful,5,2025-03-23,CBE,Google Play
best app and update more features *****,5,2025-03-23,CBE,Google Play
best app for this vast digital finanical word,5,2025-03-23,CBE,Google Play
this app is my favorite application,5,2025-03-22,CBE,Google Play
Hooo I love this application,5,2025-03-22,CBE,Google Play
The app protects me from screenshot after update. Please make revision on the app.,4,2025-03-22,CBE,Google Play
Screenshot or slip not working,2,2025-03-22,CBE,Google Play
thank you for help,5,2025-03-22,CBE,Google Play
I'm sad guys what are you doing? Why did you add the screenshot restriction to the app? You just made it worse it was a great value to us. You need to rethink it. i will change the 1 star rating when you resolve the issue.,1,2025-03-22,CBE,Google Play
Thise is helpfull and have good and easy for mobile money usage in ethiopia,5,2025-03-22,CBE,Google Play
thank you,5,2025-03-22,CBE,Google Play
good app.,5,2025-03-22,CBE,Google Play
"Old version was very friendly to use. Now we can't see the #Reason The #transaction history (very limited) and now it crash every time it's opened. More over, the last update prevents us from taking #screenshots. Thanks for the developers as they are getting more stupid than ever.",1,2025-03-21,CBE,Google Play
Since last week this app has started not working. It simply log in without network but can't sync. Please fix it.,5,2025-03-21,CBE,Google Play
What an absolutely terrible update. No screenshots and you still have this stupid restriction on developer options. WHAT ABOUT THOSE OF US WHO ARE ACTUALLY DEVELOPERS!!!!!! At this point telebirr just wins the game 100%. CBE. Do. Better!,1,2025-03-21,CBE,Google Play
Wow its my in,5,2025-03-21,CBE,Google Play
In the lasted update you removed the capability to screenshot transactions.,3,2025-03-21,CBE,Google Play
how do you disable screenshots on a banking app you are very unserious people,1,2025-03-21,CBE,Google Play
no screenshot and biometrics on this version wtfk?,3,2025-03-21,CBE,Google Play
"Not Good, too lame to use",1,2025-03-21,CBE,Google Play
CBE app is great,5,2025-03-20,CBE,Google Play
its good and saving time,5,2025-03-20,CBE,Google Play
"this new update(Mar 19,2025) is great in fixing bugs, stability and smooth experience I'll give u that but it came with a big shortcoming which is not allowing to take screenshot. I can't screenshot neither my balance nor the transaction or anything within the app, i understand it's for security reasons but please bring that back, allow us to take screenshot we need that. Thanks.",4,2025-03-20,CBE,Google Play
"what went wrong, I couldn't take a screenshot.",3,2025-03-20,CBE,Google Play
App is crushing recently. Please update.,4,2025-03-20,CBE,Google Play
It is good but why screenshot is forbidden,4,2025-03-20,CBE,Google Play
Taking away the screenshot of the receipt is just silly. Worse is tbe download button putting a copy of the screenshot - which you prevented to be taken - in tbe downloads folder where we cant attach directly from Whatsapp. Millions of people use the screenshot as proof of payment / transfer yet you make that harder for everyone? I have every user contacts the developer or manager who made this awful decision.,1,2025-03-20,CBE,Google Play
New update version 5.0.9 keeps crashing it needs maintenance,3,2025-03-19,CBE,Google Play
the update is unneeded,1,2025-03-19,CBE,Google Play
as if the update of march 19 i can't take a screenshot in the app. i can just save it as file and that is so annoying. i used to save all screenshot in my gallery in one folder now with the extra steps added i have to save the file go to file and then screenshot it. the solution is to allow the screenshot to be save in to gallery automatically. i wish you give this review attention and resolve the issue shortly.,2,2025-03-19,CBE,Google Play
it is good app but when I make inter bank transaction It can't display The receiver account number and name of receiver and also receiver bank,4,2025-03-19,CBE,Google Play
It was nice but now it dose not opened the transactions,5,2025-03-18,CBE,Google Play
The apps is good to use,5,2025-03-17,CBE,Google Play
It's best app but Please add(included) payment of water bill,4,2025-03-17,CBE,Google Play
the app has a bug and it keeps crashing 😑 please provide an update and fix the issue thank you....,3,2025-03-17,CBE,Google Play
This is my favorite App,5,2025-03-17,CBE,Google Play
1.we can't get mobile Token on CBE App or any other online. This is need to improve 2.internet banking is always say authenticate error after some weeks this is need to improve.,4,2025-03-15,CBE,Google Play
excellent app for account transaction specially for bussiness customers and a good method to pay bills and different personal payment.,5,2025-03-15,CBE,Google Play
"The app has brought a new problem. When i open the app, it closes itself then i have to open it again. Please fix this issue if it's your problem",3,2025-03-14,CBE,Google Play
"In my view, I can't give any conclusion because it's the starting of an online banking in my country. However, the commercial bank of ethiopia must rebuild this app and also need to make more access to changing the system. Keep continuing ethiopia 🇪🇹 🇪🇹🇪🇹🇪🇹",5,2025-03-14,CBE,Google Play
Very attractive and user-friendly,5,2025-03-13,CBE,Google Play
Good apps,5,2025-03-13,CBE,Google Play
My special app and my proud bank of Ethiopia.,5,2025-03-13,CBE,Google Play
The app need update it always crash,1,2025-03-13,CBE,Google Play
It is very comfortable and simple to use!!! But whay standing order is not work?,5,2025-03-13,CBE,Google Play
"One of the best apps I have used ,",5,2025-03-13,CBE,Google Play
I am appreciate this app,5,2025-03-12,CBE,Google Play
I'm very happy using this app. Thanks to developers.,5,2025-03-12,CBE,Google Play
CBE birr app is my best choice.,5,2025-03-12,CBE,Google Play
Exceptional/incredible,5,2025-03-12,CBE,Google Play
Joyful app,5,2025-03-11,CBE,Google Play
Unstatisfied with the new update keeps crashing every now and then and even though i haven't reached the max txn per day still refuses to transfer...probably going to change my bank if it's not fixed asap,1,2025-03-10,CBE,Google Play
It is one of the disappointed Bank you don't suppose to include Ethiopian on your name you don't deserve it.,1,2025-03-10,CBE,Google Play
Simple and easy to use,5,2025-03-10,CBE,Google Play
it's not good app,5,2025-03-10,CBE,Google Play
"I have been using CBE App for long, but recently it has started crashing repeatedly and even my phone is reporting that the app has bugs and tells me to wait the developer to fix these bugs.",1,2025-03-09,CBE,Google Play
The great app CBE,5,2025-03-09,CBE,Google Play
Why it asks me Update repeatedly as soon as I download it !!,1,2025-03-09,CBE,Google Play
Commercial Bnk Rate this,5,2025-03-08,CBE,Google Play
It is good for many aspect. If I can get transactions report with time duration(periodically),3,2025-03-07,CBE,Google Play
Best performing app,5,2025-03-07,CBE,Google Play
Best banck in Ethiopia,5,2025-03-06,CBE,Google Play
Two step verification update is fake (meaningless). Why because the app gives you an option of to use pin while requesting two step verification step. 🔐 This updated app is not differ than the previous one in case of security & safegaurding users.👹👹💀💀 The other features of the app are best and easy to use it.⭐️⭐️⭐️⭐️⭐️,1,2025-03-06,CBE,Google Play
Its good,5,2025-03-05,CBE,Google Play
Why don't install,5,2025-03-05,CBE,Google Play
Very good thank you,5,2025-03-04,CBE,Google Play
I have been a customer of the Commercial Bank of Ethiopia for many years,5,2025-03-03,CBE,Google Play
"We need this app to work properly, and it looks like an outdated",2,2025-03-03,CBE,Google Play
The app crashes too many times. It's a buggy app,1,2025-03-03,CBE,Google Play
Thankz,5,2025-03-02,CBE,Google Play
Verry good it is easy to use anything,5,2025-03-01,CBE,Google Play
Its gopd,5,2025-03-01,CBE,Google Play
So slow with Internet,1,2025-03-01,CBE,Google Play
I phone app is not working,2,2025-03-01,CBE,Google Play
It's very useful Apps,5,2025-03-01,CBE,Google Play
It is better app,5,2025-03-01,CBE,Google Play
Good work very important,5,2025-02-28,CBE,Google Play
It is exlent app it is helful,5,2025-02-28,CBE,Google Play
It don't work,1,2025-02-28,CBE,Google Play
Bad security 🔓,2,2025-02-28,CBE,Google Play
"It's a shame,it can't performe well,you guys can't even fix a bug, It's getting unusable, shame shame shame 😡",1,2025-02-28,CBE,Google Play
Easy to Use and Effecent System.,5,2025-02-28,CBE,Google Play
Great,5,2025-02-28,CBE,Google Play
It is good but i can not install the app why? And the other one is it is better to show the earliest transactions for instanse before 30 days ago,3,2025-02-27,CBE,Google Play
"I have been using the App since it is first released and it has been nice, but the latest Update are very worse the app crashes frequently and drains battery highly.",3,2025-02-27,CBE,Google Play
Commercial bank and it's mobile banking is very good,5,2025-02-27,CBE,Google Play
Friendly mobile banking application,5,2025-02-27,CBE,Google Play
Vary good,5,2025-02-27,CBE,Google Play
1 star because I have to visit my bank for new installation of the app and reactivation takes about 45 to 60 minutes with there long queue and system failures. Learn from telebire app and give options to customers to apt out of this ridiculous security feature. Second why is there no customization in the settings for displaying which account I want displayed in the first section rather that slide to my main account every time. You are making us pay a monthly subscription. Bare minimum is not it,1,2025-02-26,CBE,Google Play
Recently it is not working please check it,2,2025-02-26,CBE,Google Play
This app😎,5,2025-02-26,CBE,Google Play
It is a user friendly excellent app.,5,2025-02-26,CBE,Google Play
Simple and efficient,5,2025-02-25,CBE,Google Play
It is Better to use and Save time. I truly appreciate the Bank System.,5,2025-02-25,CBE,Google Play
Good Work,5,2025-02-25,CBE,Google Play
Simple and secure app,5,2025-02-25,CBE,Google Play
Crashing frequently every time I try to log in.. it's so annoying,1,2025-02-25,CBE,Google Play
FIX THE BUG! so frustrating,3,2025-02-25,CBE,Google Play
"The app is full of bugs here and there, perhaps it's from the backend side idk. For instance the transaction history you see on top is one made a couple of months ago and you have to refresh until you reach the top. it's just so bizarre. And you can't even search for a transaction you made. Someone with a lot of transactions will find it annoying. Even simple things like localising dates to Amharic dates are now correctly implemented.",2,2025-02-25,CBE,Google Play
Good experience,5,2025-02-24,CBE,Google Play
My device install up updated all data access all function but can't support transaction i. e first login password works but can't conformation last transaction password,5,2025-02-24,CBE,Google Play
Constantly crashing after new update,1,2025-02-24,CBE,Google Play
"Great UX, simple to use yet has all necessary features.",4,2025-02-24,CBE,Google Play
Nice 👍 this is app,5,2025-02-23,CBE,Google Play
"Why can't we use this app with Developer Mode turned on, when other big international banks apps allow it?",1,2025-02-22,CBE,Google Play
It is Good application,4,2025-02-22,CBE,Google Play
Guys after the last update it's crushing a lot like alot look in to it,3,2025-02-22,CBE,Google Play
The best app,5,2025-02-22,CBE,Google Play
This is agood app,5,2025-02-22,CBE,Google Play
It have a bug it keeps shut down when I open the app. Without any notification. Please fix the bug.,3,2025-02-22,CBE,Google Play
Very best and fast money transferring app,5,2025-02-22,CBE,Google Play
Why is it so hard to use this app why don't you make it simple like other apps sometimes it doesn't function right,1,2025-02-22,CBE,Google Play
Very best app,5,2025-02-22,CBE,Google Play
couldnt update the app,1,2025-02-22,CBE,Google Play
"Too much commission and service charges, not fair at all this is stealing",1,2025-02-21,CBE,Google Play
It is easy and user friendly,5,2025-02-21,CBE,Google Play
When I open the app it turns off keep says (app has a bug ) the app needs update,2,2025-02-21,CBE,Google Play
Solve unwanted time and the time to losses cbe office,5,2025-02-21,CBE,Google Play
I faced a big problem with this due to Developer mode problem How can you help me pls?,5,2025-02-21,CBE,Google Play
utilizes too much power & Crashes often,3,2025-02-20,CBE,Google Play
Most effective so far.,5,2025-02-20,CBE,Google Play
Not working normally,1,2025-02-20,CBE,Google Play
this is the simplest bookeeping system or method. I like it .,5,2025-02-19,CBE,Google Play
These days the App is Crashing immediately after Login please check,5,2025-02-19,CBE,Google Play
I gave it 5🌟 BC this app deserves. Thank you for your services. Appreciated.,5,2025-02-19,CBE,Google Play
fantastic and best,5,2025-02-18,CBE,Google Play
"It lags before showing the transaction and you have to use the one in the sms message , why doesn't it work on the app it just says loading",1,2025-02-18,CBE,Google Play
Very amazing application,5,2025-02-18,CBE,Google Play
Easy and fantastic to use,5,2025-02-18,CBE,Google Play
The way its menu arranged to use is easy to use.,5,2025-02-17,CBE,Google Play
"Its not bad, but there are plenty of errors .",2,2025-02-17,CBE,Google Play
Waw fantastic Aplication,5,2025-02-16,CBE,Google Play
I am satisfied by this Ap Thank you,5,2025-02-16,CBE,Google Play
Best of the best application for ever,5,2025-02-16,CBE,Google Play
This app is better,5,2025-02-15,CBE,Google Play
"It's very good in reminding the account numbers you have been used, but Need to show recipient history whenever you want to present it.or it has to have a search on options for a spesfic time you want to look for receipts with out going for account details at bank. if you lost your receipt without downloading it and need to look sometime a while you can't get in simple search on the app.",1,2025-02-15,CBE,Google Play
It is good app,5,2025-02-15,CBE,Google Play
"It crashes a lot; it doesn't work at all sometimes. By far, it is the worst mobile banking app I have ever used.",1,2025-02-15,CBE,Google Play
Very buggy!,2,2025-02-14,CBE,Google Play
a good apps to save my money &withdraw my money to service,5,2025-02-13,CBE,Google Play
It's easy and good,5,2025-02-13,CBE,Google Play
It is best app,5,2025-02-13,CBE,Google Play
It is not functioning most of the time,3,2025-02-13,CBE,Google Play
It sends unwanted welcome notification every time you login. There is no way that you can disable this.,3,2025-02-13,CBE,Google Play
This app now not open what's problem? Please solve it,1,2025-02-12,CBE,Google Play
nice thanks,5,2025-02-12,CBE,Google Play
It used to be better in the previous. But after the recent update it keeps crashing as soon as it logs in.. it needs to be fixed.,1,2025-02-11,CBE,Google Play
Can't even load our transaction history!!,1,2025-02-11,CBE,Google Play
I am happy of this app,5,2025-02-11,CBE,Google Play
"Great app, but try to include an access to water bill payment for places other than Adis Ababa & try top the app not to be inactive while developer option setting in Samsung phones is activated",4,2025-02-11,CBE,Google Play
Very good app,5,2025-02-10,CBE,Google Play
this app is very useful but sometimes when you want to see specific transactions it didn't work so that way i gave you 3,3,2025-02-10,CBE,Google Play
It shut down without warning,1,2025-02-10,CBE,Google Play
"Best app of the bank.But,when it needs apdate,customer must be notified in my point of view.Otherwise,customers saying ""Mobile banking is not working today"" is bad moto.",5,2025-02-10,CBE,Google Play
I use this app all the time on my business but sometimes it is difficult to use in rural areas. because there is not enough network. so what if you prepared it for the public to use offline?,3,2025-02-09,CBE,Google Play
This app is very interesting and simple to use.,5,2025-02-09,CBE,Google Play
"Add customer service please other than calling 951. Why would you have a mobile app but not an online text-based customer service? Why? Disappointing And I will never use the top-up feature again, I have been trying to recharge my safaricom balance but your app would say time out and then credit my account but never recharge my balance, why? Where is my money? Do you expect me to call 951 at midnight?",2,2025-02-08,CBE,Google Play
"Smart and easy to use, i like this app",5,2025-02-08,CBE,Google Play
The best app I love it,5,2025-02-08,CBE,Google Play
Is not useful,3,2025-02-08,CBE,Google Play
It's ok,5,2025-02-08,CBE,Google Play
It's good,5,2025-02-08,CBE,Google Play
Its good service,4,2025-02-07,CBE,Google Play
Recent transactions doesn't load properly sometimes . And also when transferring to someone sometimes it says failed and but already transferred which might cause to double transfer,1,2025-02-07,CBE,Google Play
"It used to work properly, but not anymore. I used to use the app from abroad; but these days, it kept saying ""unable to connect"" when I tried to check my balance and do transactions.",1,2025-02-07,CBE,Google Play
Awash birr pro,1,2025-02-07,CBE,Google Play
It is a very important application.,5,2025-02-07,CBE,Google Play
To save my time best app to me i like this app tnx cbe !!!,5,2025-02-07,CBE,Google Play
"It is a shame not to appreciate the recent system improvements that the Commercial Bank of Ethiopia has been making, and I have no doubt that it will be different from this, InshaAllah. Another thing I would like to comment on is that the current method for transferring money to Telebir can own be sent to the person. So, it is possible to send money directly from the Commercial Bank to other banks. If you make it possible to transfer money directly to anyone, I would be very grateful.thank you",5,2025-02-06,CBE,Google Play
Comfortable,5,2025-02-06,CBE,Google Play
App keeps on crashing after the latest update. Failures are frequent.,3,2025-02-05,CBE,Google Play
I don't need to update this app,5,2025-02-05,CBE,Google Play
"After the new update I'm struggling to use this app,it suddenly crush or close automatically pls fix this problem",1,2025-02-05,CBE,Google Play
Very fast and easy to use,5,2025-02-04,CBE,Google Play
It is best application,5,2025-02-04,CBE,Google Play
This apps amazing,5,2025-02-04,CBE,Google Play
This App. Is just a Meaningful Application for our country..,5,2025-02-04,CBE,Google Play
"This App Is Best and Fantastic Because easy to use, It has Best security Specially Two Specific Authentication so this security is not path unauthorized person to Our account History. Thankyou CBE For We give this service",5,2025-02-04,CBE,Google Play
The app is crashing several times it's really annoying and sometimes it's says failed during different operations ?????? Please fix it!?,1,2025-02-04,CBE,Google Play
that is good,5,2025-02-03,CBE,Google Play
"I have seen lots of great updates right here, especially the 2FA using the biometric security technique, I suggest you work on minimising app crashing due to the accumulation of cache, very little cache crash it.",4,2025-02-03,CBE,Google Play
The Best mobile banking app in Ethiopia. Thanks CBE,5,2025-02-03,CBE,Google Play
Cbe,5,2025-02-03,CBE,Google Play
Too poor comparing to other countries.,1,2025-02-03,CBE,Google Play
It is good,5,2025-02-02,CBE,Google Play
"I updated to the new version a while ago and it keeps crashing, maybe you can fix it.",3,2025-02-02,CBE,Google Play
Simple good app,4,2025-02-02,CBE,Google Play
"After the last two update, I am facing the worst experience with this app.",1,2025-02-02,CBE,Google Play
Now it's crashing like crazy. It doesn't even open after a recent update.,1,2025-02-01,CBE,Google Play
This app is so incredible,5,2025-02-01,CBE,Google Play
Mobail banking is the letest tecnologi,5,2025-02-01,CBE,Google Play
without any reason it shows white screen and can't make transfers. Then when I went to branch then they reply go to the branch where you open your account.,1,2025-02-01,CBE,Google Play
It used to be the best bank app in Ethiopia. But now using it is a terrible experience. For every transaction it shows an error message. Making a simple payment requires 5 to 6 trials to complete.,1,2025-01-31,CBE,Google Play
Good application,5,2025-01-31,CBE,Google Play
The worst I had to flight back to fix my app it need you to go back every 4 month not reliable for foreigners,1,2025-01-31,CBE,Google Play
This should run for worst app of the year,1,2025-01-31,CBE,Google Play
Very bad,1,2025-01-31,CBE,Google Play
It is nice app!,4,2025-01-31,CBE,Google Play
Very nice app,5,2025-01-31,CBE,Google Play
"It's easy to use, but there is some problems sometimes when update the app in the network areas...",4,2025-01-30,CBE,Google Play
No manage beneficiary for my app,1,2025-01-30,CBE,Google Play
Its good but we need an option of choosing a specific period to get a historique of transactions. For example when i want to check my previous transactions i only get few transactions. Thank you.,2,2025-01-30,CBE,Google Play
Very good mobile app,5,2025-01-30,CBE,Google Play
Very Good,5,2025-01-30,CBE,Google Play
"Something is wrong with the new update,it keep closing itself and i couldn't made an important transaction.",3,2025-01-30,CBE,Google Play
The latest updates crushes repeatedly on my Redmi Note 12 pro plus. If you could correct the issue.,1,2025-01-30,CBE,Google Play
"I’ve been using the CBE mobile banking app, and overall, I appreciate its features. However, I’ve noticed that when I turn on the developer options on my device, the app stops functioning properly. It would be great if you could look into this issue, as I often need to access developer settings for other applications. Thank you for your attention to this matter!",1,2025-01-29,CBE,Google Play
I like the app,5,2025-01-29,CBE,Google Play
"If you are living outside of Ethiopia you better not deposit large money into your mobile account. It can kick you off any time for some small reasons and the only way you can recover is either to go to the bank in person or you need to have access to your phone which is impossible if you are living outside Ethiopia. The only option you will be left with is, you can't use your money. At least it would be better if you can recover your account using email or other verification ...",1,2025-01-29,CBE,Google Play
Number one,5,2025-01-29,CBE,Google Play
Updating the app is must everytime they release it even to reload the transaction.,2,2025-01-29,CBE,Google Play
These app is beast But the new update is great,5,2025-01-29,CBE,Google Play
It's easy and user friendly!,5,2025-01-29,CBE,Google Play
It is helpful to save time and energy,5,2025-01-28,CBE,Google Play
DIGITAL LEADER BANK IN ETHIOPIA CBE,5,2025-01-28,CBE,Google Play
Turning off the developers' options :( This is getting out of hand. We don't need to go through that...,1,2025-01-28,CBE,Google Play
I don't have an idea why our country soft wares needs some beroucracy?? How many peoples knew that about developer options N why is the new app forceing to disable that?? in my side i didn't get the apps as of b4.,1,2025-01-28,CBE,Google Play
"BEST APP EVER,BUT WHEN CBE BE INTEGRATED WITH INTERNATIONAL TRANSFER",5,2025-01-28,CBE,Google Play
Where ever you go no one is like cbe mobile banking.it's absolutely perfect,5,2025-01-28,CBE,Google Play
"Does""nt give you a list of beneficieries.",2,2025-01-27,CBE,Google Play
"trasaction history needs to be more,",2,2025-01-27,CBE,Google Play
This app is more helpful and best,5,2025-01-27,CBE,Google Play
I like it more the app cbe thank you !,5,2025-01-27,CBE,Google Play
Alert The device developer Mode is turned on. Please turn off Developer Mode from device settings and try again to use this app OK What is this ?,1,2025-01-27,CBE,Google Play
Correct your order of incoming and outgoing birr,3,2025-01-26,CBE,Google Play
Nice App,5,2025-01-26,CBE,Google Play
The apk doesn't work when the phones developer option is turned on. It always asks me to turn off the developer options to open the apk. Please fix it as it is unnecessary.,4,2025-01-26,CBE,Google Play
Wow amazing app,4,2025-01-26,CBE,Google Play
Woow app,2,2025-01-25,CBE,Google Play
"Why on earth is CBE telling me to turn off developer mode? As the name clearly states, it's for developers, not for CBE to dictate. There are countless financial apps out there that work just fine without demanding such an unnecessary restriction. If your app can’t handle developer mode, that’s a you problem. Fix your code instead of disabling features that have absolutely nothing to do with you.",2,2025-01-25,CBE,Google Play
It keeps asking for an update recursively since the last update. What is going on??,2,2025-01-25,CBE,Google Play
I donot want to update.,5,2025-01-25,CBE,Google Play
The qr code scans must be backed to see the transfer is done and to use it easily,2,2025-01-25,CBE,Google Play
"አፕልኬሽኑ የተላከልኝን ብር ቶሎ አያሳይም ። ከ 24 ሰዓት በላይ ይቆያል። ይህ ለቢዝነስ በጣም አስቸጋሪ ሆኖብኛል። መፍትሔ አላችሁ ? This application is too slow & inactive to notify & record transactions, & hence I faced difficulty using it for businesses. would you fix it?",1,2025-01-25,CBE,Google Play
Nice app thanks cbe,5,2025-01-25,CBE,Google Play
It is very nice to use,5,2025-01-25,CBE,Google Play
"the ""developer mode"" need to be fixed, it sucks",2,2025-01-25,CBE,Google Play
"The app is simply trash, the only thing that's keeping them afloat is that the woods for the other Ethiopian banks is even trashier",1,2025-01-25,CBE,Google Play
It very important app,5,2025-01-24,CBE,Google Play
This app after update they ask verification .why they restricted for update?,5,2025-01-24,CBE,Google Play
Best and ease to use,5,2025-01-24,CBE,Google Play
thank you very much and we are very very happy with your service🥰,5,2025-01-24,CBE,Google Play
Cbe is the leader bank in Ethiopia by digital payment system,5,2025-01-24,CBE,Google Play
Make an option to send statement by email,1,2025-01-24,CBE,Google Play
It is simple and very accurate system,1,2025-01-24,CBE,Google Play
"I am happy for using CBE. How ever, i am happy we can not send money to other tele birr by this app. why???",5,2025-01-24,CBE,Google Play
Why developer option is off ? Please remove this feature.,4,2025-01-23,CBE,Google Play
Reminding me to update and pay every month,5,2025-01-23,CBE,Google Play
"After a recent update, this app stopped working with a message "" the developer turned off advanced ... etc.",3,2025-01-23,CBE,Google Play
I am students of accounting and finance when i graduate i wish to do in CBE thanks,5,2025-01-23,CBE,Google Play
wow . what i can say thank you.,5,2025-01-23,CBE,Google Play
"Hello, I’m facing a problem with the BOA Mobile app. Every time I enter my phone number and password, the app crashes and shows an error that says “BoaMobile closed because this app has a bug.” I tried updating, reinstalling, and clearing cache, but nothing worked. Please fix this bug in the next update. I really need access to my account. Thank you.",1,2025-06-03,BOA,Google Play
this is worest app 24/7 loading,1,2025-06-01,BOA,Google Play
This App is not interest for Android phone Please update it .,1,2025-06-01,BOA,Google Play
BoA system is confartable,5,2025-05-31,BOA,Google Play
very nice Abyssinia bank is choice all,5,2025-05-31,BOA,Google Play
"this app, for me , is a waste of time. It doesn't work . I can't even long in, and it really piss me off. FIX THE PROBLEM",1,2025-05-27,BOA,Google Play
Good service.,3,2025-05-25,BOA,Google Play
the app crush frequently,1,2025-05-24,BOA,Google Play
"This app is a joke. It crashes more than it works, takes forever to load, and half the features are just decorative at this point. Can’t log in, can’t transfer money, can’t even check my balance without it bugging out. To the developer: Are you actually trying to make this work, or is this some kind of social experiment to test our patience? Did you build this in your sleep? Because it definitely looks like it. If this is your idea of a functional app, maybe consider a different career path🙏",1,2025-05-21,BOA,Google Play
BoA,2,2025-05-20,BOA,Google Play
but not opening on android,4,2025-05-19,BOA,Google Play
Worst App ever. Totally unreliable. And it didn't work at all for the last 4 months.,1,2025-05-18,BOA,Google Play
"this app does no work on Samsung a51, it just gives a preview of the logo",1,2025-05-11,BOA,Google Play
"i entered incorrect security question by mistake boa app lock pin forever, why is there no other options? ?? i contacted different branchs more then 4times but they didn't able to solve this issue .",5,2025-05-10,BOA,Google Play
liking this application good 👍,5,2025-05-07,BOA,Google Play
"This app future is good, but there is problems with apps to reset and activate it, which is difficult even to the branch staffs, and it takes too long times to active at the branch plus most of the time high expected failure of activation after process at the counter and OTP sent not work",1,2025-05-06,BOA,Google Play
it's really good 👍,5,2025-04-23,BOA,Google Play
Bad app . it stuck when you open and noting WORKS.,1,2025-04-23,BOA,Google Play
"the app isn't working after it asked me the password it starts loading, but it doesn't open",3,2025-04-20,BOA,Google Play
It keeps showing this pop up to turn off developer options even tho it's off! I had to turn on and then off to make it work! This is a horrible experience and needs a fix asap! Plus kinda slow.,1,2025-04-19,BOA,Google Play
great boa,5,2025-04-10,BOA,Google Play
boa of mobile backing,5,2025-04-09,BOA,Google Play
faster bank of Abissinya,5,2025-04-08,BOA,Google Play
i would have given it a lower if it was possible because it crush so much and it take the bank so long to fix the bug,1,2025-04-08,BOA,Google Play
it just doesn't work...so frustrating,1,2025-04-07,BOA,Google Play
it's not work correctly... you must have update it,1,2025-04-06,BOA,Google Play
"the app gets a considerable improvements like language , QR scanner and unlimited transfers survice. but BOA Please do alot on its fastness and convenient when we login and making a transactions.",5,2025-04-04,BOA,Google Play
after i typed in my password it says successfully logged out ...and goes back to the first page,2,2025-04-04,BOA,Google Play
good but they don't update enough don't add new things,3,2025-04-04,BOA,Google Play
thank you,5,2025-04-02,BOA,Google Play
it doesn't work period z slowest mobile banking ever i would rather use *815#,1,2025-03-31,BOA,Google Play
"after activated the application it not allowed to sign , automatically it is turn off In my phone, why ?",1,2025-03-31,BOA,Google Play
good application,5,2025-03-30,BOA,Google Play
this version is not working for me I cannot even buy card. I cannot send money,1,2025-03-30,BOA,Google Play
"It can't actively on initialization, it says incorrect OTP getting the exact OTP",1,2025-03-29,BOA,Google Play
always problematic hardly works,1,2025-03-26,BOA,Google Play
considering the fact the bank is huge this app really bad you could do better,1,2025-03-25,BOA,Google Play
"worst app and Bank ever u be ashamed, scammer",1,2025-03-24,BOA,Google Play
great BoA,5,2025-03-22,BOA,Google Play
i have went to the bank so many times because i couldn't make any transaction i can only see my balance nothing else so what is the point of having mobile banking if i can't make any transaction with it please work in that,1,2025-03-21,BOA,Google Play
there is no speed,1,2025-03-19,BOA,Google Play
"For anyone who wants to download it, just don't!!!",1,2025-03-19,BOA,Google Play
all worck,5,2025-03-19,BOA,Google Play
Loved it,5,2025-03-14,BOA,Google Play
"Edit: New bug, app not letting me type in my otp codes. Shameful Why does this app not allow me to use it while having developer options on? Did y'all consider that I might, perhaps, be an actual developer? Why am I expected to toggle the option on and off just to bank (restarting my phone when I do)? Why is the message labled as somthing that will ""smoothen"" the experience? This is like the most ""security consultant"" thing to implement in an app. Please invest in actual security, not this mess.",1,2025-03-12,BOA,Google Play
Improved to be the best,5,2025-03-11,BOA,Google Play
"Decent, but there problems sometimes it says error When i transfer money but infact it transferred because of this bug i transferred 2 times instead of 1 and also we can't transfer money to others telebirr acc we only can to our self BOE Dev fix this !!!",3,2025-03-11,BOA,Google Play
BoA Greqt Ethiopian bank.,5,2025-03-11,BOA,Google Play
"The bug is still there,the app crashes every time i try to log in, especially in old phones like my Galaxy A32",1,2025-03-10,BOA,Google Play
Almost better compared to cbe where it is not qualified for,4,2025-03-09,BOA,Google Play
what awesome apps. it is very simple to use and more much important apps.,5,2025-03-09,BOA,Google Play
Wonderfull app,5,2025-03-08,BOA,Google Play
i can't use this app why?,5,2025-03-07,BOA,Google Play
Worst mobile banking app I ever experienced I was blaming other apps but comparing with this they're too much better!!!! It clashes it takes much longer time to login while loading in short it's a complete of trash,1,2025-03-06,BOA,Google Play
bro the worst app made by human kind!! as a software engineer it make me so sad seeing enterprise as big as BOA make apps like this. it is a disgrace for our country!!,1,2025-03-05,BOA,Google Play
AGA B Girja Miss language of admin Afaan oromo & other Itoophiyaa languages,1,2025-03-04,BOA,Google Play
Good app,5,2025-03-03,BOA,Google Play
"I downloaded the app for the first time while reading other customers reviews and as soon as i installed and opened the app it closes back automatically, what unserious bank, now i uninstalled the app immediately",1,2025-03-03,BOA,Google Play
It has good features but sometimes it doesn't work...0,1,2025-03-02,BOA,Google Play
Very poor proformance,1,2025-03-01,BOA,Google Play
It's not opening. Really frustrating,1,2025-03-01,BOA,Google Play
Verry Amazing App from all IB,5,2025-03-01,BOA,Google Play
Not working on this days,1,2025-02-26,BOA,Google Play
best banking app in the wworld,5,2025-02-22,BOA,Google Play
Nice app and it's easy to use,5,2025-02-21,BOA,Google Play
"please add language in the apps setting(amharic afan oromo, tigniya,and others) sometimes bank to bank transfer is not available through time and even if if it is available not reachable…it is serious issue!",1,2025-02-15,BOA,Google Play
This is help full i like ittttt,5,2025-02-14,BOA,Google Play
The is not functional at all?,2,2025-02-12,BOA,Google Play
Make it easy and convienient to use and perfect for all to high prefrence and choice.,3,2025-02-07,BOA,Google Play
I have been using this app for two years.It is amazing.,5,2025-01-31,BOA,Google Play
Always do update and that is annoying,3,2025-01-27,BOA,Google Play
"Best app, somehow waiting a few minutes",5,2025-01-23,BOA,Google Play
I can't dijitalize my atm in the apollo app on my phone,1,2025-01-22,BOA,Google Play
Whenever I try to sign in app close please fixed it out,2,2025-01-21,BOA,Google Play
Boa,4,2025-01-18,BOA,Google Play
በጣም የሚያስጠላ አፕ በጣም የወረደ ዜሮ ነው የምሰጠው ዘሮ It's not App it's very slow ehhhh. Why don't you upgrade the app???? It's always zero,1,2025-01-18,BOA,Google Play
Horrible customer service and app crashes Horrible!!,1,2025-01-15,BOA,Google Play
It keeps asking me to turn off developer mode even when dev mode is off. Couldn't use it.,1,2025-01-13,BOA,Google Play
Thank you,5,2025-01-10,BOA,Google Play
Perfect,5,2025-01-09,BOA,Google Play
The best of best,5,2025-01-09,BOA,Google Play
I was using this app for long time it amazing user friendly UI but the i can't found for get pin button in the app,3,2025-01-07,BOA,Google Play
Great 👍,5,2025-01-04,BOA,Google Play
Fast and suitable for the customers.,5,2025-01-04,BOA,Google Play
Good app and helpful,5,2025-01-03,BOA,Google Play
"I will give only one star, because it faced with multiple of problems. 1. The app is not as fast as the other banks App, for e.g like CBE 2. The App asks repeatedly to switch off developer options, even if it is switched off. 3. Bank of Abyssinia's services are interesting, but they ignored the issues on the App service. 4. Most customers gave a complain on the App, but no one accept their complain to fix the issue. 5. Lastly, I will not recommend the App unless the issue has been solved ASAP!!",1,2025-01-03,BOA,Google Play
By assessing this you can tell Abyssinia bank has no idea what mobile banking is ?,1,2025-01-02,BOA,Google Play
It doesn't work at all.,2,2025-01-02,BOA,Google Play
this app is not available,1,2025-01-02,BOA,Google Play
Wow what amazing,5,2024-12-30,BOA,Google Play
It's useless app downgraded.,1,2024-12-29,BOA,Google Play
Why is not letting me access my account. The whole point of this app is for me to gey access to my account without physically being at the bank. I would give it a zero but a one will suffice to get my point accross.,1,2024-12-27,BOA,Google Play
When are you going to get rid of this and have a real app that works? By far the worst mobile banking app.,1,2024-12-24,BOA,Google Play
Not that much bad,3,2024-12-22,BOA,Google Play
The dirtiest application ever seen...,1,2024-12-20,BOA,Google Play
The forest app ever,1,2024-12-19,BOA,Google Play
"I love BoA more than anyone but they are cursed when it comed to mobile banking. Even though this ine is hetter it still s*cks! It will ask me to turn off developer options other wise it won't work! I use CBE, Awash birr, tekebirr, Dashen bank and others but non of them asked me this, why only BoA? Please improve your mobile banking, be competitive!",1,2024-12-19,BOA,Google Play
Bank of abissena,1,2024-12-17,BOA,Google Play
"Easy and sooo simple to use it, also its easy to stole someones money using the app",3,2024-12-16,BOA,Google Play
The worst banking app ever. Never works!,1,2024-12-14,BOA,Google Play
Poorly functioning app,3,2024-12-13,BOA,Google Play
Your system is the worst you should do better😡😡😡😡😡😡,2,2024-12-11,BOA,Google Play
It has been a while since you guys started giving the mobile app service but still couldn't get it to work. I'm sure you know that it doesn't work already but not sure if you're lazy or incompetent to fix it. You are losing business because of this. Complacency will have consequences.,1,2024-12-10,BOA,Google Play
"This is the best app; many features are awesome, but it should work without the need to turn off the developer options. I'm tired of having to constantly switch the developer options off and on. I've been expressing my struggles about this. I have precious settings enabled in the developer options, and to open the App Boa app, I have to turn them off. Please help us, Abyssinia Bank. I hope you can provide an update soon.",4,2024-12-08,BOA,Google Play
"I’m giving this app one star because there are no options below that. My experience has been incredibly frustrating due to the extremely long loading times, and the app even closes automatically at times. People choose mobile banking for its convenience, but this app is far too time-consuming, making it the worst I’ve used. I hope improvements are made to enhance the user experience.",1,2024-12-07,BOA,Google Play
Very unprofessional and mischievous bank in my opinion. I have had several occasions but recently I used Abyssinia Card to withdraw money and it was deducted from my account but despite reporting several times they said they are processing it but I learned yesterday that since it has been 3 months the bank has decided to include it in their income. How absurd. If you can avoid this bank.,1,2024-12-06,BOA,Google Play
It's better to say I don't use boa rather than pulling your phone out and opening this app,1,2024-12-01,BOA,Google Play
My attention is very important because it will be the most difficult time for me,5,2024-11-30,BOA,Google Play
"I have a worst experience while using this mobile application through out the year. Most of the time it fails to ""Login"" or automatically closed the app. And also it takes so much loading time (5 minutes +) trying to access the internal services. Sometimes also while transferring within and to other bank also fails. So, BOA please fix your app.",1,2024-11-29,BOA,Google Play
I don't know why but your apps start out great then all of a sudden don't work🤷‍♀️,1,2024-11-28,BOA,Google Play
This application is losing major factions on a daily basis. I can count how many times I have used this app; it is completely useless and disappointing if I am not going to use it in times of need then I don't see the point.,1,2024-11-28,BOA,Google Play
exellent digital transaction of money,5,2024-11-26,BOA,Google Play
The latest update has stopped android 9 phones not to open this App. Never work properly since i started using it.,1,2024-11-26,BOA,Google Play
Great,5,2024-11-25,BOA,Google Play
Money,5,2024-11-24,BOA,Google Play
It needs more improvment,2,2024-11-24,BOA,Google Play
Hey Google,5,2024-11-21,BOA,Google Play
Please this app on my android phone,3,2024-11-20,BOA,Google Play
"Your app doesn't match your bank, the app is disaster, super slow. Please learn something from tele birr app.",1,2024-11-19,BOA,Google Play
Fast and reliable,5,2024-11-18,BOA,Google Play
"The worst app update ever. Why would you include the ""developer option off"" thing here? Why do you care? It is my phone my money, right? That is the reason why I switched to other banks. So either turn it off or everyone will discontinue their business one by one.",1,2024-11-17,BOA,Google Play
One of the poorest mobile banking system,1,2024-11-13,BOA,Google Play
i find it interesting specially in reciept downloading,1,2024-11-12,BOA,Google Play
"This app crashes everytime, please fix it",1,2024-11-12,BOA,Google Play
አንድ star ራሱ ይበዛበታል። i dont recomend to use this app also the bank,1,2024-11-12,BOA,Google Play
I need a support the app is not working,5,2024-11-12,BOA,Google Play
Bast bank of ethiopia,5,2024-11-12,BOA,Google Play
"thank you for your social services like, vertual banking, non touch ATM, Cadrless and withdrwal with out passbook...",5,2024-11-12,BOA,Google Play
The worst App i have never seen like this before,1,2024-11-12,BOA,Google Play
Infinx,5,2024-11-12,BOA,Google Play
Great service,5,2024-11-12,BOA,Google Play
This app is not available on all android versions and some times it is not functional.,1,2024-11-08,BOA,Google Play
"The most useless app, I never expected such an irrelevant app from BOA. big shame!",1,2024-11-04,BOA,Google Play
Professional on banking app,5,2024-11-01,BOA,Google Play
Has some nice interface but always freezes or slow to load .App developers please fix this issue.,3,2024-10-27,BOA,Google Play
Please try another because this app doesn't feet the need of this generation,1,2024-10-25,BOA,Google Play
"What's up I can't log in, what's wrong",5,2024-10-22,BOA,Google Play
"Nice to meet you my proud bank in Ethiopia.. I'm a member of this bank, i need to solve my problem of international receiving money for me from my online digital working service's over the world please? I'm working a lot of international money.But i can't get direct in Ethiopia because of don't knowing the legal ways of getting money in Ethiopia please can I get and direct deposit with BoA please 🙏🙏🙏?",5,2024-10-18,BOA,Google Play
"Terrible Bank Experience It’s unbelievable that with all the modern technology, this bank still struggles with even basic transactions. The app constantly crashes, services are limited, and every time I try to transfer money or load Telebirr, there’s a huge delay. I have to wait 5 days for failed transactions to be refunded! Even USSD is unreliable. They’ve put me in embarrassing situations countless times, and customer care never fixes anything. I’ve switched banks, and you should too!",1,2024-10-14,BOA,Google Play
A painfully slow banking app service. Please don't make it your choice!,1,2024-10-13,BOA,Google Play
Good App,4,2024-10-12,BOA,Google Play
Best app to me,5,2024-10-11,BOA,Google Play
If it is possible I would gove0 star,1,2024-10-08,BOA,Google Play
Overall good app but performance needs some improvement also sometimes when using instant other bank transfers it refuses causing to be repeated several times to transfer,4,2024-10-04,BOA,Google Play
Just make it work please🤣 this is embarrassing for a bank of your size,1,2024-10-04,BOA,Google Play
Update to the simplest way it requires the developer option on and off why this is,5,2024-10-04,BOA,Google Play
"Stop telling me what to do with my phone, BOA. Why does your newly updated app keep asking me to disable the developer options? I’m not slowing down my phone just to use your God damn app. 🤮🤮🤮🤮",1,2024-10-04,BOA,Google Play
I'm living out of country how may I download and use mobile banking? It asks me the Ethiopia phone number and I can't receive text to confirm because I'm out side the country. So please lete know if I can use while I'm outside the country. Thanks,1,2024-10-04,BOA,Google Play
Worest app,1,2024-10-03,BOA,Google Play
The worest app ever,1,2024-10-03,BOA,Google Play
Great For Financial company,5,2024-09-30,BOA,Google Play
Very easy to use,5,2024-09-30,BOA,Google Play
This app is incredibly frustrating to use. It’s filled with issues that make it difficult to navigate and complete tasks efficiently. I’ve never encountered such a poorly designed banking application before. It needs significant improvements to enhance user experience. It deserves a vey low rating.,1,2024-09-26,BOA,Google Play
Great UI and seamless UX. I love it!!,5,2024-09-25,BOA,Google Play
That's too good application but try to add more alternatives and futures or possibilitys for your customers,3,2024-09-25,BOA,Google Play
It's easy used to operate program and secured 👍👍,4,2024-09-25,BOA,Google Play
I bought a mobile card on this app but I didn't receive it and it took my money and I didn't get my money back.,1,2024-09-21,BOA,Google Play
Great app with great services,5,2024-09-19,BOA,Google Play
Yes active user,5,2024-09-17,BOA,Google Play
Shameful,1,2024-09-17,BOA,Google Play
The worest app ever made i would not recommende for no one,1,2024-09-16,BOA,Google Play
Good application,5,2024-09-16,BOA,Google Play
"How many hours should I wait after transferring money to telebirr, please do something about the transfer delay issue I need my money when ever.",1,2024-09-15,BOA,Google Play
"BOA is unreasonably holding and delaying transactions for more than a day, even transactions within the same bank itself. This is a huge gap that I observed in BOA mobile banking. I didn't experience this kind of challenge while having transactions in other banks' mobile banking platforms. After waiting so long, I called your customer support team and the response they gave me was ""it was the system that holds the transaction & will be released on working days"". This is not totally fair.",1,2024-09-15,BOA,Google Play
It's not working. It needs a big update. Can't you update the app quickly?,1,2024-09-14,BOA,Google Play
"I am Aimohon Joel , It's can be Good for a Better Conversation in Time 🙂",3,2024-09-13,BOA,Google Play
"Better app than most mobile apps, but why do I have to turn off developer option every time I wanna use the app?? It's annoying.",1,2024-09-13,BOA,Google Play
Bes and freindly app,5,2024-09-13,BOA,Google Play
"It say ""The request was not successful. please check device connectivity or try again"" why? One of the bank manager told me it is because of my phone's android version which is 9.1 It is ridiculous! Disappointing",1,2024-09-11,BOA,Google Play
How to download or screenshot of payment receipt...what kinda worst app ever 🤮🤮🤢,1,2024-09-11,BOA,Google Play
Smart technology,5,2024-09-10,BOA,Google Play
"This is not an appropriate app, i don't know how boa develops this app, i don't expect this much crazy and un confortable app form BOA, I'm soory!!!",1,2024-09-07,BOA,Google Play
"Shockingly bad! Even when it decides to work, it's painfully slow and frustrating. Such a shame that it has become a stain on an extraordinary bank",1,2024-09-06,BOA,Google Play
"It crashes frequently. It launches on Android 8.1 but I don't think it actually works on versions less than 10. If so, it shouldn't be available for download by such devices to begin with, like many other finance apps are not. It was so much better three months ago, upgrades should be for the better.",1,2024-09-06,BOA,Google Play
Awesome application. But lately its crashing everytime i opened it.,4,2024-09-05,BOA,Google Play
Fast one,3,2024-09-04,BOA,Google Play
Nice looking app but a terrible user experience.,1,2024-09-03,BOA,Google Play
The worest MB app ever!!🙄,1,2024-09-02,BOA,Google Play
It is ok,5,2024-09-01,BOA,Google Play
Plz fix the Apps ....screenshot lovation hide from glarey share botten not work😔😔,1,2024-08-30,BOA,Google Play
The worst experience ever,1,2024-08-29,BOA,Google Play
Hi I have problem with this App BOA mobile I don't know what is wrong with this App I did many times download but it's sam doesn't work if sam like that this app way I have to be customer with them how I know my account and checking save The book is no Not enough alone,1,2024-08-28,BOA,Google Play
It is not work for my device,5,2024-08-27,BOA,Google Play
"I'm Sick and tiered of enabling and disabling Developer Option Everytime I use this app. maybe you know it maybe you dont, fix it please it's anoying",1,2024-08-26,BOA,Google Play
The worst app ever,1,2024-08-26,BOA,Google Play
I dont recommand it to any one,1,2024-08-23,BOA,Google Play
"The application used to work well. But after updates I'm not able to use the forgot password feature, which is blocking me from accessing it as a whole.",1,2024-08-20,BOA,Google Play
Don't trust this bank and its service.,1,2024-08-16,BOA,Google Play
"I can not open and use the application,please help me!",5,2024-08-15,BOA,Google Play
Horrible,1,2024-08-14,BOA,Google Play
Mostly not working 😑,1,2024-08-14,BOA,Google Play
"Despite the enhanced technology you have, the application doesn't work properly, and it asks for the developer option to be turned off, fix that.",3,2024-08-12,BOA,Google Play
Very poor app b/c highly slow to open the app,1,2024-08-12,BOA,Google Play
Gooood app my dear,5,2024-08-09,BOA,Google Play
"A total disaster of an app. Always offline, never works, it's embarassing. I've lost hope and taken my business to a competitor",1,2024-08-08,BOA,Google Play
so poor app to use can't start up when open the app,1,2024-08-08,BOA,Google Play
"This app takes too long time to be opened. And even it is not working simply as other banks application. Why this app does not give a digital invoice. Even, I am not able to find where the screeshot is kept after transaction. So, please the developer should fix all these.",1,2024-08-07,BOA,Google Play
"Worst app ever, not user friendly, even doesn't serve basic functionality correctly, takes to much time to login and navigate through the app, we expected more from this bank",1,2024-08-07,BOA,Google Play
"I mean how could a big financial company like this, be this much irresponsible to release this app? You should be ashamed!",1,2024-08-06,BOA,Google Play
Is it necessary to switch off developer options every time to use mobile banking?🤔🤔😡😡😡,1,2024-08-04,BOA,Google Play
The previous version is better it doesn't work,1,2024-08-04,BOA,Google Play
"I don't know what is wrong with BOA as a bank in general. It's been going backwards since last year or so. The app is a disaster to use in every possible way. Not stable to log in and very slow to perform transactions, couldn't take a screenshot (or can't even find the pictures even using its save screenshot option). Most of the time, it fails to perform transactions and so on. Simply, it's the worst!",1,2024-08-03,BOA,Google Play
"Take some note from CBE mobile banking app, it's the best banking app currently take some note and improve ur app . Sometimes u have to learn from the bests 🙌",1,2024-08-03,BOA,Google Play
It's a useless app,1,2024-08-02,BOA,Google Play
"It's not working as it was , so much need to improve, it was the best but not anymore",2,2024-08-01,BOA,Google Play
Not yet completely working this App. i don't know when is it will be working properly! Its Sad!!!,1,2024-07-31,BOA,Google Play
The app does not open sometimes it says coonection issue which i dont have and after it opens it has bugs while using its not smooth to work with please improve it,1,2024-07-31,BOA,Google Play
"It's not working totally, what a useless app is it,",1,2024-07-31,BOA,Google Play
"This app has become the most troubling every day. It doesn't work. I love the bank, and I hate the app",1,2024-07-31,BOA,Google Play
this is so disappointing app 😞,1,2024-07-30,BOA,Google Play
The worst app,1,2024-07-28,BOA,Google Play
it can't even open and only display error messages,1,2024-07-27,BOA,Google Play
not active,1,2024-07-27,BOA,Google Play
To get good quality,5,2024-07-27,BOA,Google Play
uselss app dont download,1,2024-07-26,BOA,Google Play
"Is this app fake i try it not working it say please try again later, unable to make transactions what is the purpose of this app . If it is not working delete it",1,2024-07-25,BOA,Google Play
"This app didn't work. They have a new version (new app) but still not compatible with my Samsung S8+ , which is v.funny.",1,2024-07-25,BOA,Google Play
Corrupted and poor app,1,2024-07-24,BOA,Google Play
When I try to use the application it says 'developer setting should be off' where is the setting to off this play Still doesn't work for me,3,2024-07-24,BOA,Google Play
FIX YOUR Apollo!! You guys where the best 👌,1,2024-07-23,BOA,Google Play
Always slow and doesn't work on weekends if you are in a rush or a merchant this app is not for you,1,2024-07-23,BOA,Google Play
"It's very difficult to use the user, app,ones dawenload the user can't operate well , no one can help me,",1,2024-07-23,BOA,Google Play
Poor application. It turned off by itself,1,2024-07-23,BOA,Google Play
Allowed,5,2024-07-23,BOA,Google Play
It usually crashes and the reason it gives is a problem on internet connection although the internet was fine.,1,2024-07-23,BOA,Google Play
we want international mobile banking,1,2024-07-22,BOA,Google Play
"screenshot isn't working, Please modify it",2,2024-07-22,BOA,Google Play
Is not working both this one and apollo did u make it better pls am gonne stop using this bank because of the mobile banking,1,2024-07-19,BOA,Google Play
I have experiance,5,2024-07-19,BOA,Google Play
The App is not working on Android 9.1 at all. It shows an error notification and forcefully closes the app. Must be fixed ASAP.,1,2024-07-19,BOA,Google Play
Crashes very frequently is not stable overall need improvement such a huge bank needs a better app than the current one,1,2024-07-19,BOA,Google Play
The previous application is much better than this one,1,2024-07-18,BOA,Google Play
"Worst app. It is wise to invest money and you can make it like CBE app. Even the incon has no image. My app has better UI than yours. So, please invest more and hire professional developer companies and improve it.",1,2024-07-18,BOA,Google Play
It is not working at all,1,2024-07-16,BOA,Google Play
The poorest mobile banking survice ever. Only error reports frequently,1,2024-07-16,BOA,Google Play
The worst banking app,1,2024-07-15,BOA,Google Play
The app is constantly crashing and freezing when to send to BOA customers' accounts.,1,2024-07-15,BOA,Google Play
No work app,5,2024-07-15,BOA,Google Play
Is ok but stop sundenly,5,2024-07-15,BOA,Google Play
Very poor app. Its Always cresh and not compatible,2,2024-07-13,BOA,Google Play
"It's not functional at all. It keeps saying ""error"". Unable to activate.",1,2024-07-13,BOA,Google Play
I can't believe that Abyssinia develop this kind of trash app it have a lot of issues 👎👎👎,1,2024-07-13,BOA,Google Play
The new app is very good,5,2024-07-12,BOA,Google Play
It's very good but sometimes isn't work probably,5,2024-07-12,BOA,Google Play
"This is the most stupid app I've seen, why would I turn off developer mode just because you can't make your app secure, this clearly indicates the app has very poor implementation and unskilled developers.. There are a lot of people who need developer option for different reasons. Please for the sake of the bank, fix this thing... Even the most secure international banking apps don't require it. Not to mention the lag and crashes",1,2024-07-12,BOA,Google Play
The worst mobile banking app,1,2024-07-11,BOA,Google Play
It is not fast,3,2024-07-11,BOA,Google Play
The app keeps crashing it stops responding while I'm using it or trying to open the app. Now I have to go to the bank in person to do any banking activities. In short it is the worst mobile banking system in Ethiopia,1,2024-07-11,BOA,Google Play
"Pretty good for a banking app, it still lacks some things with in the ui and with the speed of the app but overall it's a good application. Thank you 5/5👍🏻",5,2024-07-09,BOA,Google Play
Error occurred try again for 5 days tele birr user not found ለራሴ አዝዤ,1,2024-07-08,BOA,Google Play
Good but Very slow.,1,2024-07-08,BOA,Google Play
Very good app,5,2024-07-07,BOA,Google Play
"It is so bad apps ,it doesn't work",1,2024-07-06,BOA,Google Play
"From now on I will never going to use this app,It is a trash app.No one care about this app from bank I will rate them 0/5.",1,2024-07-06,BOA,Google Play
It usually crashes and unable to process also it request to off the developer options,1,2024-07-05,BOA,Google Play
Workneh girmamo,5,2024-07-05,BOA,Google Play
"I can't believe in this day and age, one of the major banks of the country can't seem to understand that having a working mobile payment option is a **MUST** to survive. I have decided to move my accounts to CBE and Awash because of this. Can't be bothered with this useless app.",1,2024-07-04,BOA,Google Play
Is it even working these days? Please check it.,1,2024-07-04,BOA,Google Play
"The app is essentially unusable, it asks to disable developer mode even when it is already disabled and crashes, sometimes it only works with wifi and sometimes only with data, or it crashes just because.......",1,2024-07-04,BOA,Google Play
Please make it functional.,5,2024-07-03,BOA,Google Play
its best app but its don't working in poor connection area so,5,2024-07-03,BOA,Google Play
Please Recover thank you,5,2024-07-02,BOA,Google Play
This app doesn't work,1,2024-06-30,BOA,Google Play
"the app used to run fine, but now it takes like forever to even open the main dashboard and sometimes it just crashes on its own. you guys gotta step it up. we need this app to be way faster",1,2024-06-27,BOA,Google Play
the underrated app I've ever seen and ur banking system is Soo Idiocracy,1,2024-06-27,BOA,Google Play
It demands to disable developer option.,1,2024-06-27,BOA,Google Play
"It's been two months now, I cannot do any transaction using this app. It's really disappointing. I am using bank of Abyssinia currently because it's the nearest bank to my work place. The bank is turning to the worst bank in the country day by day. They always respond to customers that they are updating their system all year long, I think that's what they train their customer service operators to do.",1,2024-06-26,BOA,Google Play
Its not working.,1,2024-06-24,BOA,Google Play
"Riddled with crashes, cant use it anymore. Very frustrating!",1,2024-06-20,BOA,Google Play
Always error occured. The worst app ever,1,2024-06-20,BOA,Google Play
It's not convenient,1,2024-06-17,BOA,Google Play
It has become the most unreliable mibile banking app ever.,1,2024-06-16,BOA,Google Play
The poorest mobile banking I have seen in the industry. Is not stable to login and post transactions. Is not attractive. Error reports frequently.,5,2024-06-13,BOA,Google Play
Really Bank,5,2024-06-11,BOA,Google Play
I like the the bank of Abyssinia is the best first bank of Ethiopia,1,2024-06-11,BOA,Google Play
The app is not good need a few work,3,2024-06-11,BOA,Google Play
"The worst mob app i have ever seen. Slow, uncomfortable and stupid. It is better to learn from the best app (tele birr). The released updates is even worst.",1,2024-06-11,BOA,Google Play
"Unreliable, expensive service. Most of the time, it is not working. Sometimes, it will take more than a day to complete transactions and charges more for this unworthy service. I will not recommend this bank app to anyone.",1,2024-06-10,BOA,Google Play
The best app,5,2024-06-06,BOA,Google Play
Developer option to be off really,1,2024-06-06,BOA,Google Play
Good app boa,5,2024-06-06,BOA,Google Play
I'm disappointed with the recent changes to this app. Disabling developer options for functionality seems unnecessary. The previous version offered a more user-friendly experience.,1,2024-06-06,BOA,Google Play
"Worest app, it cannot be downloaded",2,2024-06-05,BOA,Google Play
slow only some times the wey it is veary nice app,5,2024-06-04,BOA,Google Play
It's nice apps,1,2024-06-04,BOA,Google Play
Wow! what a disgrace for BOA. The app barely works. Too slow and always returns error.,1,2024-06-03,BOA,Google Play
Excited by your service,5,2024-06-02,BOA,Google Play
"The worst mobile banking app! It doesn't load (seems like with the perfect WiFi and data connection it still manages to have network issues), when you finally get into the app, it makes it so hard more than it should be to send money.",1,2024-05-31,BOA,Google Play
"I'm sorry but what kind of stupid developer thinks the app will be faster if we disable ""Developer mode""? I've never seen such degeneracy in my entire life, please get rid of this feature",1,2024-05-29,BOA,Google Play
What is the purpose or point of not allowing to take a screenshot of the recipe after transferring???,1,2024-05-29,BOA,Google Play
I can't use the app unless I turn off developer mode?? What kind of stupid rule is that?? The worst experience for a banking app!!,1,2024-05-26,BOA,Google Play
How disappointing!,1,2024-05-25,BOA,Google Play
Sorry to say this compared to other banks mobile app its the worest it need more improvement the app doesn't match the bank standard it need more update its too slow plus it keep saying stop developing option on your phone when no developing setting enabled ??plus when it come to recent transaction nothing to display...,1,2024-05-24,BOA,Google Play
Cool,4,2024-05-22,BOA,Google Play
What is that disable developer option I have never seen any app commands.,3,2024-05-22,BOA,Google Play
Please fix the app i doesn't belongs to Abbssinya Bank Name,1,2024-05-22,BOA,Google Play
"Playstore need to have some option to give 0 stars because this application right here, deserve exactly that, imagine being one of the biggest banks In the country and can't manage to have good mobile application in the Era of mobile money, you guys are in the brink of collapse you better make it right real quick or you gonna be 10 meters down to the grave. DON'T USE THIS APP, IT'S WASTE OF TIME.",1,2024-05-21,BOA,Google Play
It's good when i've downloaded at first. But now it doesn't work well,2,2024-05-20,BOA,Google Play
It's just terrible. It kept crashing in middle of transaction. Hell sometimes it won't open. My phone is stock Android (pixel 8) and I don't even know how this happens. Fix it!,1,2024-05-20,BOA,Google Play
Good but not working top up,5,2024-05-20,BOA,Google Play
It is good,5,2024-05-19,BOA,Google Play
Great app..,3,2024-05-18,BOA,Google Play
This app is the most worst app I used in Ethiopia and belive me I know I live in Ethiopia. Being the fincial app It doesn't work when you want it. It makes you wait for cash out code and immediately debit the amount before sending the code I have got to say abysinia bank I didn't expect this from you and I use CBE mobile banking,1,2024-05-18,BOA,Google Play
Poor mobile banking alwayes not working alwayes,1,2024-05-18,BOA,Google Play
"Absolutely the worst mobile banking app.it crashs every time,problem when logging in and and cuts my balance when top up without even recharging",1,2024-05-17,BOA,Google Play
Fails occasionally.,4,2024-05-17,BOA,Google Play
Worst app ever,1,2024-05-16,BOA,Google Play
Easy and cool app,5,2024-05-16,BOA,Google Play
App is so bad network,1,2024-05-16,BOA,Google Play
It's not working for 3days. Come on as a big bank in Ethiopia this is unprofessionallism from boa,1,2024-05-15,BOA,Google Play
"Be careful of using this app to transfer large sums of money. Recently I can't top up my mobile card, can't pay tickets, can't transfer money to Telebirr. The *815# works but what's the use of an app if we're using USSD. It will refund your mobile top up days after failing to top up but I wouldn't want to risk that. I'm a big fan of BoA but I wouldn't recommend this app. 👎",1,2024-05-15,BOA,Google Play
"The worst mobile banking app, doesn't even work for a week properly.",1,2024-05-14,BOA,Google Play
Secretary,5,2024-05-14,BOA,Google Play
Hate how we're expected to disable 'Developer Options' everytime we open the app. An unnecessary point of friction that's been put in place in the guise of security.,2,2024-05-14,BOA,Google Play
Build a new app,1,2024-05-13,BOA,Google Play
Exceptional service,5,2024-05-13,BOA,Google Play
I don't get why this app is developed it is not functional at all !!,1,2024-05-12,BOA,Google Play
This app is trash,1,2024-05-12,BOA,Google Play
It's improved now,3,2024-05-12,BOA,Google Play
It is really make my life so much easy!,5,2024-05-12,BOA,Google Play
Good appp,1,2024-05-11,BOA,Google Play
My advice for whoever reading is go look for other bank(awash bank is a great example). This bank won't even allow you to access your money when you want. It has bad servers which don't work(respond) on time.,1,2024-05-11,BOA,Google Play
Preventing login because I have developer options on is not security. Moved all my money somewhere else because I just didn't wanna deal with it,1,2024-05-11,BOA,Google Play
The app has bugs. Signing in is still a challenge. Transfer to another bank is impossible. The app is slow and bland.,3,2024-05-11,BOA,Google Play
Why do u force me to Turn OFF developers option just to use your app its not fair and am not using ur app anymore,1,2024-05-10,BOA,Google Play
"Very poor app. It crashes every time, doesn't load properly, and you can't even buy airtime. The programming is subpar. Please take lessons from other online banking apps. I would give it a zero if I could!!",1,2024-05-10,BOA,Google Play
This app is very simpl for useing,4,2024-05-10,BOA,Google Play
Very laggy un able to make transactions Fix it,1,2024-05-10,BOA,Google Play
After recent update the app keeps asking to disable developers options and won't let you use it unless you do.,2,2024-05-10,BOA,Google Play
App is any updates why?,5,2024-05-09,BOA,Google Play
"I am an app developer, I need to keep developer options on... WHY ARE YOU ASKING ME TO TURN DEVELOPER OPTIONS OFF... why is it that Abyssinia is the only damned bank in Ethiopia that just can't seem to buld an app that works... it's not that hard people, just look at CBE... this is simply terrible, borderline unusable!",1,2024-05-09,BOA,Google Play
UGH 🤮🤮🤮 they are super calculative when it CM 2 Mobile-banking or any online stuff. If ur degital!! better chose other bank.,1,2024-05-08,BOA,Google Play
Slow every time,2,2024-05-08,BOA,Google Play
It takes a very long time to log in please fix,1,2024-05-08,BOA,Google Play
It's not functional at all,1,2024-05-08,BOA,Google Play
What's wrong with App. this days? it doesn't working properly. 1) it's VERY SLOW & doesn't open. it's very Annoying. 2) most of the time it says repeatedly Please try it again or try it later but again and again it doesn't open or work. 3) repeatedly it says something went wrong then it off the screen. I've updated the App. when it needed but nothing changed. 👉PLEASE if it has some issues with the App. Please fix it otherwise I'm going to uninstall it.,2,2024-05-08,BOA,Google Play
Disgrace app,1,2024-05-08,BOA,Google Play
It crash repeatedly! Try to make it more stable for customers need meet!,2,2024-05-07,BOA,Google Play
After two weeks it require update why?,5,2024-05-07,BOA,Google Play
It keeps crashing and hasn't been fixed,1,2024-05-07,BOA,Google Play
"The application is full of bug, so annoying.",1,2024-05-07,BOA,Google Play
"Why is the app asking me to remove developer options? Why does it matter what I do with my phone , this is unacceptable! Fix this",3,2024-05-06,BOA,Google Play
Worst application relative to other Ethiopia mobile banking app,1,2024-05-06,BOA,Google Play
"""I am extremely disappointed with the poor service I have received. It is unacceptable that I cannot make transactions of 30,000 Birr and sometimes my money gets stuck in the air. As a result of your incompetence, I have been forced to change my bank account. This level of service is completely unacceptable and needs to be rectified immediately.""",1,2024-05-05,BOA,Google Play
Great app,5,2024-05-05,BOA,Google Play
"Doesn't work properly, keeps closing won't activate any account, I wouldn't recommend downloading",1,2024-05-05,BOA,Google Play
Pls improve your mobile banking app it's doesn't work constantly after i updated the new version of your app try to improve,1,2024-05-05,BOA,Google Play
"The version 24.04.26 is not opening on any of my devices. I noticed this issue on my friend's Android 9 phone and also on my Samsung Android 12 phone. Even after weekly updates, the newest version is not working properly. Please provide a stable version update, as I prefer the older version of the app from the new one.",1,2024-05-04,BOA,Google Play
it's good app,5,2024-05-04,BOA,Google Play
Good service,5,2024-05-04,BOA,Google Play
This app is not working!!,1,2024-05-04,BOA,Google Play
this app not work why?pleas tell me,2,2024-05-04,BOA,Google Play
I am comfortable with your good service,5,2024-05-04,BOA,Google Play
best app from any mobilebanking,5,2024-05-04,BOA,Google Play
It crushes repeatedly,1,2024-05-03,BOA,Google Play
Very bad app as always bothering any transaction processes.,1,2024-05-03,BOA,Google Play
Actually faster,4,2024-05-03,BOA,Google Play
I prefer the earlier version. This updated app crushes during login and says there is bug. Please fix the bug issue.,4,2024-05-03,BOA,Google Play
Soo many bugs on this app I haven't been able to use it since I installed it very bad,1,2024-05-03,BOA,Google Play
This application isn't working properly,1,2024-05-03,BOA,Google Play
This is too poorer than the previous app.,1,2024-05-03,BOA,Google Play
cool App Tnxes,5,2024-05-03,BOA,Google Play
"The app keeps crashign again and again, i didn't even get to sign in. Worst update!!",1,2024-05-03,BOA,Google Play
"Developers/ the company takes too long to update the app, and throughout that process, the app is basically useless. We can't send money or even be able to check our account. They even take it down from the Play Store for a while. This whole process usually takes them 3 to 5 days. This is very disappointing. It is an improvement from the previous version of the app, but they still have a long way to go to compete with the likes of CBE. Transferring to other banks sometimes doesn't work.",2,2024-05-03,BOA,Google Play
"Was working ok.but it started not displaying banks list to choose from, and it needs updating every couple of days, annoying",3,2024-05-03,BOA,Google Play
"Dear BOA, Are you sure you are upgrading your application. It is becoming worse and worse. Please fix the bug as quickly as possible.",1,2024-05-03,BOA,Google Play
Nice one thanks abisiniya,5,2024-05-03,BOA,Google Play
it doesnt work it crashes,1,2024-05-03,BOA,Google Play
It keeps clashing down What a crass stupid app is this... You forced me to update after I transferred money and now I can't open it,1,2024-05-03,BOA,Google Play
So unreliable i had to send money asap but this app either laggs or doesn't work such a lazy work look at how efficient tele birr is and its not even a bank,1,2024-05-02,BOA,Google Play
Great app than others,5,2024-05-02,BOA,Google Play
OMG this is like the worst mobile banking app ever. I have many different mobile banking app from different banks but this is the worst so far. It says it has connection issue when I have wifi or data connection and while I'm using other social media apps. It keeps asking me for update once like every week and takes forever to load like I have to wait at least 10 minutes to login and another 10 min to see my balance.,1,2024-05-02,BOA,Google Play
I think I remember it worked once upon time...,2,2024-05-02,BOA,Google Play
This app is going to the worest boa app ever😡 It crushes every time login.,1,2024-05-02,BOA,Google Play
"The app never worked properly, specially on android 14, do better",1,2024-05-02,BOA,Google Play
Fix the bug.,1,2024-05-02,BOA,Google Play
all the time updated but im not satisfy by boa mobile bancking 😡😡😡,1,2024-05-02,BOA,Google Play
It always crashes,1,2024-05-02,BOA,Google Play
Worst app ever. Barely works,1,2024-05-02,BOA,Google Play
It keep making me out and crash when i open the app and not working properly,1,2024-05-02,BOA,Google Play
"After last update, the app keeps crashing, not working. Pls fix it. Mobile transactions become impossible.",1,2024-05-02,BOA,Google Play
Very bad app,2,2024-05-02,BOA,Google Play
"I don't know why every time you come up with a new update the app get worst than the oldest, it is taking more time to load, can load money to telebirr, can't pay awach. Please try to fix it.",1,2024-05-02,BOA,Google Play
The worest mobile banking app,1,2024-05-01,BOA,Google Play
It was working good before the last update but after the update it asks to disable developer option. why is that? That means any developer with developer option enabled can't access his account. It crushs a lot of times.,2,2024-05-01,BOA,Google Play
"From Ethiopian Internet banking Abbisiniya Internet banking application is the most worst boring and slower app, please fix that",1,2024-05-01,BOA,Google Play
good App and user friendly.,4,2024-05-01,BOA,Google Play
Every time needs update & after that it's not working it's too boring,1,2024-05-01,BOA,Google Play
What mean disable developer option?,5,2024-05-01,BOA,Google Play
"Slow login, crashes frequently, annoying app ever. Since you updated this app, it's been extremely unhelpful.",1,2024-05-01,BOA,Google Play
"why do we need to turn off ""developer options"" in order to use your app, on the new update??? Are we suppose to not use our device for other purposes just so we can use your app? It is not security it is BS. (fix that and I will update my rating)",1,2024-05-01,BOA,Google Play
The Worst application ever,1,2024-05-01,BOA,Google Play
The best beautiful app,5,2024-05-01,BOA,Google Play
Keeps crashing everytime what a disaster,1,2024-05-01,BOA,Google Play
It doesn't work anymore,1,2024-05-01,BOA,Google Play
"The app is terrible, nothing functions properly. Especially since the latest update, it crashes all the time.",1,2024-05-01,BOA,Google Play
"It's good app but the system is not same as CBE bankin mobile When i compare To these apps BOA and CBE, CBE is the best up",1,2024-05-01,BOA,Google Play
Please focus on the functionality of the app instead of spending money on the advertisements.,1,2024-05-01,BOA,Google Play
Frequently crashing fix it please,1,2024-05-01,BOA,Google Play
The worst update ever You don't deserve one star;,1,2024-04-30,BOA,Google Play
No feature works correctly. Its always buffering and needs probably high data. So its useless 😏😏😏,2,2024-04-30,BOA,Google Play
"This app is trash, it's not working for the past 3-4 days. I've to go to the bank to send money to other banks. Plus the app keeps crashing since the last update. BOA as a bank is deteriorating! This has to change.",1,2024-04-30,BOA,Google Play
App needs a lot of work. It continuously crashes and shuts down.,1,2024-04-30,BOA,Google Play
Not comfortable with this version. Its hard to down it load Developer option is not allowed to use it as usual.,5,2024-04-30,BOA,Google Play
This app is so annoying as the previous version.,3,2024-04-30,BOA,Google Play
Need many improvements,2,2024-04-30,BOA,Google Play
Great always great!!!,5,2024-04-30,BOA,Google Play
Pic new,5,2024-04-30,BOA,Google Play
"Such a junk application, its not working at all. Waste of time",1,2024-04-30,BOA,Google Play
Hello is this new update cuz it keeps kicking me out!!!!! can't make a transaction fr!,3,2024-04-30,BOA,Google Play
"you guys keep on releasing unstable app, now it won't login",2,2024-04-30,BOA,Google Play
"I never ever seen the worst commercial app like this in my life , it does not work anything , i donot know how the IT Team of the bank tested and launch the app. Its annoying !",1,2024-04-30,BOA,Google Play
The best bank with the worst application and ussd service.,1,2024-04-30,BOA,Google Play
The old version is best. This one is so lagging and it's not fast to quick transfer,1,2024-04-30,BOA,Google Play
The latest update has a bug it keeps crashing. Please fix it it's so inconvenient to do our business this way. That or we will switch to other banks,3,2024-04-30,BOA,Google Play
Amaizing Bank in Etthiopia,5,2024-04-30,BOA,Google Play
It doesn't function properly!! You don't even deserve one star.. please stop playing your dirty game on your customer...,1,2024-04-29,BOA,Google Play
That's a fantastic app! L,2,2024-04-29,BOA,Google Play
The best bank,5,2024-04-29,BOA,Google Play
"This app has been found useless while I compared with the first version of IB12111...that was very good, you guys what is the matter with you. You are far from the technology and the competetor's digital product through convenience, reliable, easeness _-dashen, cbe, zemen... they are doing well! share their experience and be able to satisfy your esteemed customers including me. unless you will be down soon!",1,2024-04-29,BOA,Google Play
"This new update really sucks.. Can't even get the chance to put my pin, bugs and everything,please fix it developer",1,2024-04-29,BOA,Google Play
I have never seen the worst mobile app like this,5,2024-04-29,BOA,Google Play
Very very good app,5,2024-04-29,BOA,Google Play
it keeps crashing,1,2024-04-29,BOA,Google Play
Excited,5,2024-04-29,BOA,Google Play
This app isn't working well on Tecno phone 📱. what is the error??,1,2024-04-29,BOA,Google Play
Bad app,1,2024-04-29,BOA,Google Play
"With every update the app keeps on getting worse,it is filled with bugs",1,2024-04-28,BOA,Google Play
The update app is the worest one when i compare with past.,1,2024-04-28,BOA,Google Play
"It's nice, the stack thing needs update thou",5,2024-04-28,BOA,Google Play
This application is relatively good even if some times interpreted.But apolo is difficult application please improve it.,5,2024-04-28,BOA,Google Play
The app is not properly working.,3,2024-04-28,BOA,Google Play
It is always crushing it loged me out all the time,1,2024-04-28,BOA,Google Play
I love boa but the mobile app isn't as good as the older version when the app gets update it gets worse and worse it doesn't even work..fix the issue with that,2,2024-04-28,BOA,Google Play
"Why Why Why???? it is difficult to make transactions, it takes alot of time to make payments, i thought the update will make it work, but it got worse. please fix it",1,2024-04-28,BOA,Google Play
"the worst app I have ever used, I could've given 5 star if it worked properly even just for logging in and check my accounts. seemed that's impossible",1,2024-04-28,BOA,Google Play
Very helpfull app,5,2024-04-27,BOA,Google Play
"Very slow response , try to some updates in the application",1,2024-04-27,BOA,Google Play
"useless app. bank to bank transactions do not work at all, wallet topups like telebirr take hours to reach. what a shame from a bank this big.",1,2024-04-26,BOA,Google Play
Really work very good app l like you BoA,5,2024-04-26,BOA,Google Play
Very old app is disgusting,1,2024-04-25,BOA,Google Play
The worst App I have ever seen.,1,2024-04-25,BOA,Google Play
"I tried it with different phones, it only worked for about a week and then it stopped working. It needs some serious work.",1,2024-04-25,BOA,Google Play
The onky defect is that it is too slow,3,2024-04-25,BOA,Google Play
Sorry to say it is very poor apps I have decided to suspend the BoA account,1,2024-04-25,BOA,Google Play
Boa is the best app but Please Clear Instant or Not instant option of send money be for Asked !!!,5,2024-04-24,BOA,Google Play
"Installed the latest version of this app on my Android 14 device, but it is not working. I have already received the activation key from your branch (via SMS), but couldn't activate it. It is a failed app. I bet you don't have QA testers.",1,2024-04-24,BOA,Google Play
"This is not functional at all, it takes forever to make a transaction,please improve it.",1,2024-04-24,BOA,Google Play
Nic app,5,2024-04-24,BOA,Google Play
I can't update the enable button not open.,1,2024-04-24,BOA,Google Play
The best,5,2024-04-24,BOA,Google Play
The Bank I always love 😘 and work with them is priceless,5,2024-04-24,BOA,Google Play
It's the best,5,2024-04-24,BOA,Google Play
"BOA app was one of my favourite back in the days, now I don't if there is an app worsen that this.. very very bad. You need to fix it or remove it.",1,2024-04-24,BOA,Google Play
This app is very wonderful,5,2024-04-24,BOA,Google Play
It is not working at all.,1,2024-04-24,BOA,Google Play
To slow,1,2024-04-23,BOA,Google Play
"I've never seen a very worst mobile banking system like this, i lost 37000 birr because of your delay transaction system, i called 8397 and they told me stay for confirmation but, after i changed my mind and waiting for confirmation call to cancel the process they sent it with out my approval, so please don't use the mobile banking system please",1,2024-04-23,BOA,Google Play
In Ethiopia pest Bank,5,2024-04-23,BOA,Google Play
It is not working,1,2024-04-23,BOA,Google Play
Only problem is often it has connectivity issues.,5,2024-04-23,BOA,Google Play
Not bad but please make it lite pls,1,2024-04-23,BOA,Google Play
"It says ""Something is wrong with your internet banking user, go to your nearest branch"" It hasn't been working since April 13.",1,2024-04-22,BOA,Google Play
I like this bank by his activity and respect castemers i look like my house,5,2024-04-22,BOA,Google Play
Bank Of Abyssina,5,2024-04-22,BOA,Google Play
very fast also nice app i love it,5,2024-04-22,BOA,Google Play
"By far the nicest looking app by an Ethiopian Bank. But it's functionality is weak. It is full of Transaction error, Function Error. Kudos, but it needs more backend work.",2,2024-04-22,BOA,Google Play
Not reliable always with some issues,1,2024-04-22,BOA,Google Play
Right one,1,2024-04-21,BOA,Google Play
"So BoA, your last application was horrible and buggy. And we thought ""finally!! a functional new app with better UI."" But It didn't last long, a non existent connection error at login.... Please just fix your app to the simplest functional form and it would be up to your other service standards.",1,2024-04-21,BOA,Google Play
"It has good backgroud and simple. But keeps saying no conectivty , login, Close immediately you made it porly not woriking on stable network!!!",1,2024-04-21,BOA,Google Play
"It was working fine a couple of days ago, in the utilities section of payment it only provides a few services but that is OK for now but my issue is it has started crashing down these past 2 days",2,2024-04-21,BOA,Google Play
"This app is awesome, I like the features",5,2024-04-21,BOA,Google Play
"The app is a total waste of time, it glitches, doesn't log in fast, super slow.",1,2024-04-21,BOA,Google Play
Very very bad app,1,2024-04-21,BOA,Google Play
Not work this app ...what is the problem,1,2024-04-20,BOA,Google Play
the new updated app exception handling for connection fluctuations is so exhausting which lead users to login repeated times.,1,2024-04-20,BOA,Google Play
"Some problem this app,",1,2024-04-20,BOA,Google Play
It keeps on crashing,1,2024-04-20,BOA,Google Play
poor performance,1,2024-04-20,BOA,Google Play
It's good app tnx for u new update it's very easy to using this app they add some future tnx Abyssinia bank,5,2024-04-18,BOA,Google Play
A lot of the app's features have been rearranged but sometimes it works sometimes it doesnt...and that makes it less reliable specially at times of need...pls improve it,2,2024-04-18,BOA,Google Play
Now am confused upgrade or downgrade 🤔,1,2024-04-17,BOA,Google Play
Vary good app,5,2024-04-15,BOA,Google Play
Can you please just make it functional. I don't think anyone cares how good it looks if not a single functionality works. Plus it's not even aestheticaly nice. The loading animated icon has white irregular edges because the logo wasn't cut out correctly. The app doesn't work at all. It doesn't even login. It gets stuck on login just showing the logo animation and blames the issue on connectivity. Connectivity is fine and the proof is that this review is posted.,1,2024-04-15,BOA,Google Play
The app is not showing my balance or any transaction it is like corrupted showing usd amounts,1,2024-04-13,BOA,Google Play
Its good,5,2024-04-13,BOA,Google Play
it's so slow app please fix it,2,2024-04-13,BOA,Google Play
It crash always,4,2024-04-13,BOA,Google Play
The most terrible mobel banking app in the world it is not working ones in a week,1,2024-04-13,BOA,Google Play
"Ultimately, the worst mobile banking experience ever left me feeling exasperated and disillusioned.Its a nightmare",1,2024-04-13,BOA,Google Play
"The updated version of this app is just time wasting. It doesn't work with 2G/3G network.require log in frequently,not fast as much as possible.automatic log out are the bad features of this app",1,2024-04-13,BOA,Google Play
Why u do that hh,2,2024-04-13,BOA,Google Play
Abissiniya bank one of the best for giving the future,5,2024-04-12,BOA,Google Play
This the best mobile banking App BOA mobile banking included all digital banking features and we can access the most companies and sectors with this App. Thanks for giving this services Keep going .,5,2024-04-12,BOA,Google Play
"This has to be your worst app ever, damm so many bugs and it lags so baddd. Please fix it",1,2024-04-12,BOA,Google Play
Simplify your life by using the Abyssinia app I like it because it is comfortable and safe,5,2024-04-11,BOA,Google Play
"General, when I considered from other banks, this bank is unique",4,2024-04-11,BOA,Google Play
wow its so attractive,5,2024-04-09,BOA,Google Play
Yet another useless app,1,2024-04-09,BOA,Google Play
Great apps,5,2024-04-06,BOA,Google Play
It closes playing audio app when it is opened . What is the solution?,5,2024-04-06,BOA,Google Play
OTP should be inserted manually. not working on my phone,2,2024-04-02,BOA,Google Play
"my device is not auto inserting The OTP, So keyboard should be enabled on the apps OTP login to insert OTP Manually.",3,2024-04-02,BOA,Google Play
What's wrong with app suddenly stoped to open?,1,2024-03-25,BOA,Google Play
Just use other banks if you want a good mobile app. CBE is 40X faster and safe than this app.,1,2024-03-23,BOA,Google Play
Worst app ever previous version was way better than this version after I activated my mobile banking app it says account not found but I'm their system my IB customer does work fine please fix your bugs and test it before you release it I have visit and report many branches and head quarter but they can't fix the problem,1,2024-03-23,BOA,Google Play
Wow! Thanks BoA,5,2024-03-22,BOA,Google Play
"The app doesnot allow to transfer from foreign currency accounts to local currency accounts , it says transaction not allowed , please check it and also it is difficult to activate the app from abroad countries since the otp doesn't reach by sms and it uses email, it doesn't allow manual otp input and the email hardly received , please review your app and make an update !!!",2,2024-03-22,BOA,Google Play
I have nothing against your service but your App!!!!??? When will it ever work? Why do you keep changing the interface whenever there is an update? The most unreadable annoying app.,1,2024-03-22,BOA,Google Play
When writing amounts z app cannot insert deceimasl so that one cannot transact amounts involving cents !!! A finnacial app to be released without this feature being checked !!!,3,2024-03-20,BOA,Google Play
BOA mobile the best App,5,2024-03-20,BOA,Google Play
worst banking app i have ever used. Try to modify it,2,2024-03-19,BOA,Google Play
The application is extremely slow.,1,2024-03-16,BOA,Google Play
I couldn't transfer because of bug's its annoying for a bank app nots acceptable,1,2024-03-15,BOA,Google Play
"It was a very nice app and was exemplary to other banks, but I am experiencing difficulties in transfering transactions and thinking to leave Abyssinia? What would you advise me. ወጣ ወጣና ሆነእኮ ነገሩ።",5,2024-03-14,BOA,Google Play
This app is a good app,5,2024-03-14,BOA,Google Play
It's good Rate app,5,2024-03-12,BOA,Google Play
Always there a problem with this app it says check your connection while connected 😞,1,2024-03-09,BOA,Google Play
It's bad,1,2024-03-09,BOA,Google Play
Berry good,5,2024-03-08,BOA,Google Play
It's not fast to use,3,2024-03-08,BOA,Google Play
A little faster than before . Thanks,5,2024-03-05,BOA,Google Play
Application,5,2024-03-05,BOA,Google Play
The worst mobile banking app like the previous one. How long it would take for BOA to develop a good app?????? Years or decades?,1,2024-03-04,BOA,Google Play
Was good at first but now i couldn't reach my apollo account in the mobile banking app,1,2024-03-03,BOA,Google Play
I don't know why they roll out new updates without making sure it works! Why???? Do they need to update to a new staff? Perhaps pay for a better network?? Mindenew? I don't know there always a problem with this app.,1,2024-03-02,BOA,Google Play
Always crashes,1,2024-03-01,BOA,Google Play
Best version of boa apps,1,2024-03-01,BOA,Google Play
"Its amazing and easy to use , but from these two past days it crashes and tells me ""there is not enough connectivity"" while my internet was good enough , and i can't open it anymore !! Fix this proplem ASAP.",5,2024-03-01,BOA,Google Play
After the recent update the application keeps crashing when I tried to open. Please fix.,1,2024-03-01,BOA,Google Play
The worse app I have ever seen.,1,2024-03-01,BOA,Google Play
"The worst mobile banking app ever!!! I have tried to transfer 25,000 from my BOA account to my CBE and it still hasn't reached my CBE account yet. When I tried contacting customer support they just tell me it's a problem with the system. I have waited 48 hours and I still haven't received my money. Bank of Abyssinia the worst bank and system, I don't recommend this app or bank to anyone.",1,2024-03-01,BOA,Google Play
More interactive and easy to use mobile app👌,5,2024-02-29,BOA,Google Play
Thank you for wasting my time Abyssinia.,1,2024-02-26,BOA,Google Play
Overrated service and recently glitching service system not being able to withdraw funds.,1,2024-02-26,BOA,Google Play
Very Interesting,5,2024-02-24,BOA,Google Play
User friendly at it's best with the best security option.,5,2024-02-24,BOA,Google Play
"It's a quiet good and smoothly accessible app which allows users to transfer , Airtime Top-up, ATM withdrawal and Utilities payments.",5,2024-02-24,BOA,Google Play
This app is not efficient and can't be used for people outside Ethiopia. I am not able to enter back my OTP code into the App screen as it gets frozen and nothing can be done. Also the login screen forces to enter a local cell phone in Ethiopia and a PIN number. Those of us who live abroad are left out. The previous application with BoA Authenitcater was working efficiently and I was also able to login using my LapTop. I recommend the Application to use login user name & email instead of Ph#.,1,2024-02-23,BOA,Google Play
Worst application I ever used,1,2024-02-23,BOA,Google Play
Wow bank of Abyssinia great job I really like the updated version of Mobile banking specially it allows me to transfer 500000 birr,5,2024-02-23,BOA,Google Play
It is easy to use and very fast app,5,2024-02-23,BOA,Google Play
It is better than before and i like it,5,2024-02-22,BOA,Google Play
It good app,4,2024-02-22,BOA,Google Play
Abyssinian mobile banking the latest one,5,2024-02-22,BOA,Google Play
The receipt download option is very convenient.,5,2024-02-22,BOA,Google Play
I used to access my Apollo account through the app before the update but now i can't access my Apollo account through this app and for me this is a step taken backwards!!!!!,3,2024-02-22,BOA,Google Play
It is very bad app. not friendly usable. needs extremely strong network. Can't be updated easily.,1,2024-02-21,BOA,Google Play
Definitly better than the privious version but this one crashes frequently and needed to put to sleep on andrioid version 9,2,2024-02-20,BOA,Google Play
"Its nice platform when i compare with the previous version! But, when i try to use mobile banking the app states use the updated one! As it orders, i updated BOA from playstore, when i try to use mobile banking on the following day the same thing-update from the playstore!!!!",5,2024-02-20,BOA,Google Play
Very Fast And attractive App,5,2024-02-20,BOA,Google Play
It's good app,5,2024-02-20,BOA,Google Play
The app got a better features and easy to use.,5,2024-02-20,BOA,Google Play
Thes is nise app,5,2024-02-19,BOA,Google Play
I have a great experience using this App,5,2024-02-19,BOA,Google Play
Best app but after the update the screenshot not working,4,2024-02-19,BOA,Google Play
It was good and more secured mb app but this new version apk i can't find it on play store will you tell me what i have too do ...please,5,2024-02-19,BOA,Google Play
"I have a fitayah account, a type of interest free account, and because their system is unable to process anything for people like me I can't see any of my accounts in the account list on any transaction, although I can see it when performing security actions or checking my balance, as such this app is as useless to me as the previous one. Unbelievable",1,2024-02-18,BOA,Google Play
It doesnt send birr immediately to anything,1,2024-02-17,BOA,Google Play
So this updated version is so much better and faster but it doesn't open unless it's directly opened from play store. fix this issue I'd give it 5 if it wasn't for this,3,2024-02-16,BOA,Google Play
"Horrible, your apps are getting worse and worse",1,2024-02-16,BOA,Google Play
good app,5,2024-02-16,BOA,Google Play
"This is terrible app. What the hell is your problem. Passwords can't be entered manually. I'm abroad. I don't have my Ethiopian Sim. I'm receiving the activation code via telegram. But you locked the system not to accept the activation OTP manually. Hence, I can't see my accounts, I can't make transactions etc.... how can you not think of this in advance.... now I'm in a terrible situation. I can't know what is going on with my account. WOULD YOU FIX IT NOW.... NOT TOMORROW or THE DAY AFTER...",1,2024-02-16,BOA,Google Play
I can't use it anymore,3,2024-02-16,BOA,Google Play
update ካረኩት ቡሃላ screenshot አላስቀምጥም ብሏል። ግን screenshot ማንሳት ጀምሯል,4,2024-02-15,BOA,Google Play
Very good app its easy to use,5,2024-02-15,BOA,Google Play
Its very slow and fail to load any transaction,2,2024-02-15,BOA,Google Play
"Great graphics, but why my music have to stop when I open this app? Make it make sense. But overall, it's good, but also needs too much data just to load this app. We might need a lite version of this.",3,2024-02-15,BOA,Google Play
Boring,1,2024-02-14,BOA,Google Play
Very good app!!,5,2024-02-14,BOA,Google Play
"Was working fine for 2 days then Error the request was not successful please check your connectivity or try again my connection works perfectly i reinstalled the app called support multiple times all of them said it's a system problem be patient it has been a week since then, called again they even dared to say the problem is your phone restart it which i did but still the same other banking apps work perfectly but this my experience with this app, horrible the whole system is bad",1,2024-02-14,BOA,Google Play
The keyboard not Working please fix it,1,2024-02-13,BOA,Google Play
"When we come to use mobile banking app this app is the WOREST one. Who made this app? Why? im almost forget to use it While the app right infront to my phone. I preffered to go branch office rather than to use it. Let alone for transaction or other service for simple purpose to check my balance i used to call for the bank 'call center' rather than to open for this difficult app. It need high speed internet service, it stop service for simple interuption of the network, after transfer the 1/2",1,2024-02-13,BOA,Google Play
You should include manual OTP input!,1,2024-02-13,BOA,Google Play
"Worst App it ain't allowing yo activate not even in the nearest branch are able to activate it. I have been client of the bank for 10years. What is this BoA? As we know it being a leading in simplifying banking service this App needs to be fixed. Then we will give it better rate,",1,2024-02-13,BOA,Google Play
"The app does not work well from abroad, there have been continuous upgrades and updates that are very interruptive and non-responsive. Staff do not have the technical capabilities to support whereas the support number and online support are never available.",1,2024-02-12,BOA,Google Play
App good. how money transfer tele birr agents,1,2024-02-12,BOA,Google Play
BOA Mobile banking is hard to deal with. Very poor app never gets better it keep lagging,1,2024-02-12,BOA,Google Play
"Wow, that's an awesome app",4,2024-02-11,BOA,Google Play
"I sm a big fan of BOA , but the mobile banking is so trashy( sorry but its the best word to discribe it).... please buy a good server ....it always show blank age after login slecially on sundays it does not work at all...the new update has a good UI but has same respose problem ....",3,2024-02-11,BOA,Google Play
this app doesn't fit the bank,1,2024-02-10,BOA,Google Play
The updated version is nice one BOA always #1 bank,5,2024-02-10,BOA,Google Play
"As usual the app is ok, but this time i can't update it normally. It lags at 99% all the time. Hope it's fixable.",4,2024-02-10,BOA,Google Play
You have made a great application that is easy to use,4,2024-02-08,BOA,Google Play
More easy and secure fast app than previous one,5,2024-02-08,BOA,Google Play
It's much better now effoyee...,5,2024-02-06,BOA,Google Play
"What an awesome app! It is supper easy to use with very attractive GUI. But there are some problems to be addressed: (1) It crashes frequently and requires mobile cache to be cleared to relaunch. (2) Automatic OTP input is good. But fix the manual activation option, too. (3) It does not boot fast. (4) There are minor errors during the installation. (5) Color contrast: In the transactions menu, the credit accounts should be in dark green than light green. The debit accounts should be in dark red.",5,2024-02-06,BOA,Google Play
I am having a challenge to use the app. The app does not allow to update the previous app. Neither does it allow to manually insert OTP - BoA please modify the app to allow these features,3,2024-02-06,BOA,Google Play
Easy and very nice app to load more than the previouse,5,2024-02-06,BOA,Google Play
I Don't Like It Once U Open It's open did Not Ask U The Pin when u get back Not Safty the Old Version Is More Secured,2,2024-02-06,BOA,Google Play
To FCC,5,2024-02-05,BOA,Google Play
"Simple, fast and easy to use. I had bad experience on apollo and the older version of this app is too slow.",5,2024-02-05,BOA,Google Play
Much better and easy to access then the last boa app,5,2024-02-05,BOA,Google Play
Not working properly always loading !,3,2024-02-04,BOA,Google Play
Tnx for updating the app its easy and fadt,5,2024-02-04,BOA,Google Play
I think this one is better than the prvious one much faster but try to make it more faster like nib and cbe specially nib bake their app is very nice but the bank is not anyways good job on this one,5,2024-02-04,BOA,Google Play
"One of the weakness in BOA is it's mobile App. I hope this will address some of them, but it is very critical to work on modernizing and ensuring the security of it's mobile banking system in this digitalized world",3,2024-02-04,BOA,Google Play
"Please add an option to manually input the OTP. I am residing outside of Ethiopia. I encountered difficulty accessing my account following the recent update (change) of your mobile banking app. Unfortunately, I am unable to activate the app on my mobile device. During the activation process, the app prompts for an OTP, which I can receive via Telegram. However, there is no option to manually input the OTP. I kindly request your assistance in resolving this matter and activating my account",3,2024-02-03,BOA,Google Play
"Why the app doesn't allow to update the previous version. In addition to this, when I install the new version and try to activate, the app doesn't allow to write the activation OTP code to the screen. I have received the OTP password from telegram and email. Would you please fix this bug. Thank you",1,2024-02-03,BOA,Google Play
I don't have words for your great work.. Really Good .what i like the most is the screenshots features is included which gives you the transactions detail ...Great Work...KEEP IT UP !!??,5,2024-02-03,BOA,Google Play
A massive improvement from the previous app. More modern and actually works,5,2024-02-03,BOA,Google Play
Massive upgrade from the Amole app.,5,2025-05-31,Dashen,Google Play
very good for this app,5,2025-05-31,Dashen,Google Play
top,5,2025-05-31,Dashen,Google Play
this app better than Amole . but the biometric on new update doesn't work,4,2025-05-31,Dashen,Google Play
wow to it saff and this app,5,2025-05-30,Dashen,Google Play
it too slow,3,2025-05-29,Dashen,Google Play
real life changer,5,2025-05-28,Dashen,Google Play
useless app ever loading take long,1,2025-05-27,Dashen,Google Play
"Game changer app! Dashen Bank Super App is fast, secure, and easy to use. The three-click payment makes sending money super quick, and the QR code payment is perfect for cashless shopping. I also love the biometric login and easy airtime and bill payments. Everything I need is in one place. Dashen Bank has really raised the bar for digital banking in Ethiopia. Highly recommended!",5,2025-05-26,Dashen,Google Play
very useful App,1,2025-05-26,Dashen,Google Play
"Simple, robust features? Yes, please! But the endless loading screen killed the fun—I couldn’t use it for days. Fix the glitch, and I’ll yeet a higher rating!",2,2025-05-26,Dashen,Google Play
it is good but some times says duplicate transaction why?,5,2025-05-24,Dashen,Google Play
very Nice,5,2025-05-23,Dashen,Google Play
its best,5,2025-05-23,Dashen,Google Play
it is not as good as to the other mobile bank app.,1,2025-05-22,Dashen,Google Play
"The best of best is now arrived **Empowering Your Financial Freedom** ""Experience seamless banking at your fingertips with Dashen Bank. Empowering your financial freedom, anytime, anywhere!"" **Innovation Meets Convenience** ""Dashen Bank Mobile Banking: Where innovation meets convenience. **Secure and Reliable** ""Bank with confidence",5,2025-05-22,Dashen,Google Play
Nothing is changed in the updated version. You have been collecting comments but where is the feed back you improved in this version. superapp is mot functioning today.,4,2025-05-20,Dashen,Google Play
The best app ever in finance sector,5,2025-05-18,Dashen,Google Play
Its good app than other compitators but it confuse when we transfer it needs OTP and PIN most user inter their pin instead of OTP we know the litrecy level of our society so if it is device based i dont know the needs of OTP so please try to fix,3,2025-05-18,Dashen,Google Play
dashen bank or dashen super app?,1,2025-05-17,Dashen,Google Play
"Transferring to other bank accounts is a hastle and inconvenient .Get used to seeing "" please try again """,2,2025-05-17,Dashen,Google Play
Amazing Application...,5,2025-05-16,Dashen,Google Play
"Dashen bank app is very good, but sometimes it is not working well",5,2025-05-15,Dashen,Google Play
its my choice,5,2025-05-15,Dashen,Google Play
"It grows ethiopian digital banking step ahead.All fetures in one,simple fast and convince.",5,2025-05-14,Dashen,Google Play
Totally amazing,5,2025-05-13,Dashen,Google Play
"To be honest, best banking and lifestyle app in Ethiopia.",5,2025-05-12,Dashen,Google Play
"A must have, seamless, all in one digital platform ""DB Superapp""! Keep living your motto ""Always one step ahead""",5,2025-05-12,Dashen,Google Play
"This App makes digital banking effortless and convenient. User-friendly interface, secure transactions, and excellent features for managing finances efficiently.",4,2025-05-10,Dashen,Google Play
Amazing app super easy to use and best design. loved it.,5,2025-05-09,Dashen,Google Play
its the best ever,5,2025-05-08,Dashen,Google Play
excellent game changer App,5,2025-05-08,Dashen,Google Play
I am highly excited by using this application and it is the most favorable as well as preferrable mobile app.,5,2025-05-03,Dashen,Google Play
it seems me logging out within minutes,1,2025-05-03,Dashen,Google Play
nice app especially GUI and I have got some error when you send within dashen bank the receipter is not get SMS notification,4,2025-05-03,Dashen,Google Play
yes i want dashen super open,5,2025-05-02,Dashen,Google Play
faster than this version,5,2025-05-01,Dashen,Google Play
"Best UI mobile banking app, props to design team",5,2025-04-30,Dashen,Google Play
thank you,4,2025-04-30,Dashen,Google Play
great app,5,2025-04-30,Dashen,Google Play
Dashen bank always one step ahead,5,2025-04-30,Dashen,Google Play
dashen super app is secure band very easy,5,2025-04-29,Dashen,Google Play
It is very fast and secured mobile banking app! I like this app!,5,2025-04-29,Dashen,Google Play
best of best,5,2025-04-29,Dashen,Google Play
Its slow when i try to see the Recent Transaction and stucked,1,2025-04-28,Dashen,Google Play
why do i have to change a pin number i use my finger print so dummy,1,2025-04-27,Dashen,Google Play
"It is very slow and it lacks many features to be a super app. High rating is given by their employees, not by the customers.",1,2025-04-25,Dashen,Google Play
"Smooth and secure experience transfers, bill payments, and tracking expenses are all effortless. The intuitive design makes banking on the go.",5,2025-04-24,Dashen,Google Play
Very easy and Fast.,5,2025-04-24,Dashen,Google Play
Incomparably user-friendly and fast app for mobile banking.,5,2025-04-24,Dashen,Google Play
"there is nothing super about this app, repeatedly failed transaction and wastes customer valuable time. if you have to do system upgrade do it at a time when there is less traffic demand. your Technical difficulty should not be reflected on customer.",2,2025-04-24,Dashen,Google Play
"This super app is a total game-changer—fast, reliable, and packed with everything I need in one place. It’s seamless and super convenient. Love it!""",5,2025-04-23,Dashen,Google Play
All in One ✍️secure ✍️reliable ✍️convenient. Digital banking game changer!!,5,2025-04-23,Dashen,Google Play
it is incredible product.,5,2025-04-23,Dashen,Google Play
"I'm really impressed with this app! It’s user-friendly, runs smoothly, and has all the features I need. Makes my tasks so much easier and saves me a lot of time. Highly recommended!",5,2025-04-23,Dashen,Google Play
"It's an amazing app, experience it!!",5,2025-04-23,Dashen,Google Play
This is the best banking app ever. I recommend everyone to use it.,5,2025-04-23,Dashen,Google Play
It is the best application!!!,5,2025-04-22,Dashen,Google Play
"Exceptional digital experience, SupperApp will bring new paradigm shift in the banking business. Bravo Dashen keep it up!!!!",5,2025-04-22,Dashen,Google Play
its features are so dynamic,5,2025-04-22,Dashen,Google Play
fast &Friendly user Application.,5,2025-04-22,Dashen,Google Play
"Fast, Reliable and User Friendly. Keep it Up",5,2025-04-22,Dashen,Google Play
"#dashen super app is easy to use, secure & fast transaction😍",5,2025-04-22,Dashen,Google Play
i love this app esp 3 click that make e-commerce easier and convinient.,5,2025-04-22,Dashen,Google Play
Dashen Super App contains extended selections for customers and can be easily accessible and also friendly to use.,5,2025-04-22,Dashen,Google Play
Great for everyday banking and payments on the go,5,2025-04-22,Dashen,Google Play
"""Dashen Super App'' is impressive with its focus on simplicity, speed, and quality. The user interface is clean and easy to understand. Transactions process quickly, and the overall quality of the app is top-notch. A must-have for Dashen Bank customers. ዳሸን ባንክ አንድ እርምጃ ቀዳሚ።",5,2025-04-22,Dashen,Google Play
making transactions has never been easier. the new update is just amazing,5,2025-04-22,Dashen,Google Play
"The app has various usefull functions, which make easy the payment system. Also, it will connect with sellers having reasonable prices.",5,2025-04-22,Dashen,Google Play
The app has great user interface with comprehensive payments and E-commerce platforms. And also it includes unique features such as chat Banking and budget.,5,2025-04-22,Dashen,Google Play
It is an amazing application that meets the needs of customers.,5,2025-04-22,Dashen,Google Play
Effecting payment via the app has created convenience to the recipients in easily confirming the payments received!,5,2025-04-22,Dashen,Google Play
the best Supper App ever,5,2025-04-22,Dashen,Google Play
"This is the best app ever, when is it planned to include digital lending and gasification?",5,2025-04-22,Dashen,Google Play
"A powerful, local solution that rivals any global app. I love how easy it is to explore services and products.",5,2025-04-22,Dashen,Google Play
Dashen bank is my number one choice,5,2025-04-22,Dashen,Google Play
Assefa Genetu = Dashen superup is the latest and inclussive .I am happy with this super up.,5,2025-04-22,Dashen,Google Play
"The App is incredibly user-friendly and brings multiple services into one place. It's fast, intuitive, and makes daily tasks super convenient. A true all-in-one solution!",5,2025-04-21,Dashen,Google Play
"Proudly made in Ethiopia, this innovation delivers more than promised. The marketplace is a major boost for local commerce",5,2025-04-21,Dashen,Google Play
it so fanrastic and user friendly app. Bravo Dashen bank thanks.,5,2025-04-21,Dashen,Google Play
"one of the best digital platforms I've used! from smooth transactions to a seamless shopping experience, highly recommended.",5,2025-04-21,Dashen,Google Play
A proudly Ethiopia innovation that delivers beyond expectations. The marketplace feature is a big win for local shoppers bnd sellers,5,2025-04-21,Dashen,Google Play
"Dashen Super App is a game-changer! It’s fast, user-friendly, and packed with features that make everyday banking and transactions super convenient. I love how everything I need from mobile banking to utility payments is all in one place. The interface is clean, and everything works smoothly. Definitely one of the best apps out there. Highly recommended!",5,2025-04-21,Dashen,Google Play
Easy to use and has many options. It is the best financial app I have ever used.,5,2025-04-21,Dashen,Google Play
"Highly impressed! Dash Bank really nailed it with this app. Secure, reliable, and packed with features I use daily",5,2025-04-21,Dashen,Google Play
"One of the best digital platforms I’ve used! From smooth transactions to a seamless shopping experience, Highly recommended",5,2025-04-21,Dashen,Google Play
"This app has everything I was looking for, dashen is becoming a grandmaster.",5,2025-04-21,Dashen,Google Play
"The user experience is seamless, and everything just works perfectly right out of the box. I can’t believe how much time and effort it saves me every day.",5,2025-04-21,Dashen,Google Play
wawwwww what nice super app !!keep it up dashen bank !!,5,2025-04-21,Dashen,Google Play
"Dashen SuperApp the ultimate all-in-one solution! From banking and shopping to bill payments, everything you need is right at your fingertips. Life just got a whole lot easier!",5,2025-04-21,Dashen,Google Play
"It is,really super because of its unique offerings to individuals and businesses.It is a secure UX first app intended to cater comprehensive digital meeds.I am also happy to know that Dashen is considering to make the app more inclusive by lowering the mobile version requirements .",5,2025-04-21,Dashen,Google Play
"the very easy, secured, fast and multifunctional dashen supper application I ever seen. dashen really one steps ahead!!!",5,2025-04-21,Dashen,Google Play
"One app for everything! I can shop, manage my bank account , and do so much more . Truly a super app",5,2025-04-21,Dashen,Google Play
one of the best digital platforms I’ve used! From smooth transactions to a seamless shopping experie,5,2025-04-21,Dashen,Google Play
"Dashen Bank super App is the most suitable, reliable, and fast digital banking system.",5,2025-04-21,Dashen,Google Play
This is what we call banking app. As professional I want banking app as simple as this and an app rich of features that align with my lifestyle.,5,2025-04-21,Dashen,Google Play
Super Easy To Use and Fast Transaction.,5,2025-04-21,Dashen,Google Play
"I have an incredible experience with Dashen super app, what an amazing platform is it?. keep pioneering in technological advancement 👏👏👏",5,2025-04-21,Dashen,Google Play
"i can't recommend the Dashen Super App enough! This app is truly a game changer for anyone looking for a seamless and efficient way to manage their daily life. It combines multiple essential services into one easy-to-use platform, saving time and simplifying tasks The user interface is modern, intuitive, and super responsive, making navigation a breeze. Whether it's banking, payment services, or accessing lifestyle features, everything is just a few clicks away!!",5,2025-04-21,Dashen,Google Play
"The app is incredibly handy for managing multiple financial tasks, from bill payments to managing budgets. It’s saved me a lot of time and made banking way more convenient. Definitely worth checking out!",5,2025-04-21,Dashen,Google Play
what an App,5,2025-04-21,Dashen,Google Play
The new e-commerce feature is incredibly amazing and user friendly.,5,2025-04-21,Dashen,Google Play
"dashen bank supper app is the most easy to use and have high speed,quality and I like features like chat,budget,fuel payment, and security for my opinion this product is techonolgy edge,this international standard thanks for product oweners (dashen bank)",3,2025-04-21,Dashen,Google Play
"The Dashen supperapp is a revolutionary advancement in digital banking, combining exceptional usability, an intuitive interface and a seamless user experience. among its standout features are the integration of QR codes, account statement, transaction advise, chat, transaction authentication for limit thresholds, budgeting and different app in a single dashboard. Truly ahead of the curve ..... keep up the excellent work 🤝👏",5,2025-04-21,Dashen,Google Play
"A proudly Ethiopian innovation that delivers beyond expectations. The marketplace feature is a big win for local shoppers and sellers. Very impressed with the new updates, The e-commerce section is smooth and supports Ethiopian merchants!",5,2025-04-21,Dashen,Google Play
"Very impressed with the new updates, The e-commerce section is smooth and supports Ethiopian merchants.",5,2025-04-21,Dashen,Google Play
"Dashen Bank Super App is fast, reliable, and super easy to use. All my banking needs are handled smoothly in one place. Clean design and seamless experience – highly recommended!",5,2025-04-21,Dashen,Google Play
"Db sup app is A platform or an application that can grasp more satisfactions through fastest mode of operation which means for budget planning, to use QR code(scan, pay, go) chat with staff, acc to acc other bank ft, merchant payment, and easly. I addition to i satisfied and i invite everyone to use those platform!!.",5,2025-04-21,Dashen,Google Play
the chat banking and unique and only app that alow money request!!,5,2025-04-21,Dashen,Google Play
Better and inclusive app!,5,2025-04-21,Dashen,Google Play
Amazing Application,5,2025-04-21,Dashen,Google Play
It keep my time to pay my bills and I generate my satment easily,5,2025-04-21,Dashen,Google Play
"It's an amazing app that is up-to-date with the times, wow wow",5,2025-04-21,Dashen,Google Play
A game-changing Ethiopian innovation—where shopping meets opportunity. The marketplace feature connects buyers and sellers like never before.,5,2025-04-21,Dashen,Google Play
"Dashen Super App isn’t just an app — it’s an experience. Effortless, powerful, and built for the future",5,2025-04-21,Dashen,Google Play
"This Is An Amazing App with Uniqe Quality,Easy And Fast Mobile Banking App.",5,2025-04-21,Dashen,Google Play
"Dashen SuperApp is a lifesaver! Banking, shopping, and bills in one super easy app. The new e-commerce feature is awesome and supports local merchants. Fast, secure, and proudly Ethiopian.Download it now—you won’t regret it!",5,2025-04-21,Dashen,Google Play
"Dashen SuperApp blends finance, shopping, and daily services effortlessly. The new e-commerce feature is smooth and supports local merchants—proud to back an Ethiopian-made solution!",5,2025-04-21,Dashen,Google Play
"A solid step forward by Dashen Bank. The SuperApp combines essential banking features with lifestyle services, making everything accessible in one place. The interface is smooth, and transactions are quick and reliable. It’s clear a lot of thought went into the design and functionality. Great job!",5,2025-04-21,Dashen,Google Play
Dashen bank super app is the crucial and convenient app in Ethiopia. there is no other app to compare with Dashen bank super app,5,2025-04-21,Dashen,Google Play
"All-in-one finance & e-commerce super app! Pay, save, shop seamlessly. Fast, secure. #BankAndShop",5,2025-04-21,Dashen,Google Play
it's a hestorical app. in the bank industry.,5,2025-04-21,Dashen,Google Play
"A game changer in Ethiopian digital banking fast, secure, and packed with services. Everything you need, all in one powerful app. A true leap toward financial convenience and innovation!",4,2025-04-21,Dashen,Google Play
"easy &,simple to use",5,2025-04-21,Dashen,Google Play
"Banking, but make it smart. Local solutions, all in one place. Smooth, fast, and actually saving time. Feels like the future. Love it!",5,2025-04-21,Dashen,Google Play
", Dashen Bank Supper App is multipurpose, convenient, very attractive and Make life easier",5,2025-04-21,Dashen,Google Play
very easy and flexible app.,5,2025-04-21,Dashen,Google Play
"I choose Dashen Bank Super Up since, it is easy to use & it has attractive features !",5,2025-04-21,Dashen,Google Play
dashen super app is simple faster and reliable.,5,2025-04-21,Dashen,Google Play
"Dashen Bank Super App is a game-changer! The user-friendly design, wide range of services, and smooth performance make it incredibly convenient for everyday banking. It’s fast, secure, and truly reflects the bank’s commitment to digital excellence. Highly recommended!",5,2025-04-21,Dashen,Google Play
"The app keeps getting better with every update! Smooth performance, great UI, and top-notch security. Thank you for making banking so convenient!""",5,2025-04-21,Dashen,Google Play
this app is the most simply to use and secure safe i love it to use for any bank transaction,5,2025-04-21,Dashen,Google Play
"After i download the app recently had a smooth expriance, its user friendly, fast, and everything works as expected. keep up the good work.",5,2025-04-21,Dashen,Google Play
An app with High performance and advanced features!,5,2025-04-21,Dashen,Google Play
"It is a very user friendly, attractive user interface, full of useful features. I really encourage everyone to give it a try.",5,2025-04-21,Dashen,Google Play
"Good actually , but it have to WORK when developer option is on 🙏",5,2025-04-21,Dashen,Google Play
"All-in-one convenience, From managing accounts to paying bills and shopping online and the chat banking is game changer, this app does it all seamlessly.",5,2025-04-21,Dashen,Google Play
I appreciate that Dashen Bank takes lifestyle services into account.,5,2025-04-21,Dashen,Google Play
amazing app really i loved it .that's why we say dashen bank is one stap ahead. It's the best mobile application that should be on every phone.,5,2025-04-21,Dashen,Google Play
very comfortable app keep it,5,2025-04-21,Dashen,Google Play
it has clear detail information about the application so it helps customer how to use the app. and it is very easy to use and also app is secure.,5,2025-04-21,Dashen,Google Play
"I have been using the Dashen Supper app mobile banking app , and overall, I appreciate its features.However,I’ve noticed that when I turn on the developer options on my device, the app stops functioning properly. It would be great if you could look into this issue, as I often need to access developer settings for other applications . Thank you for your attention to this matter!",5,2025-04-21,Dashen,Google Play
easiness to use with fast response time,5,2025-04-21,Dashen,Google Play
"The new mobile banking application is a major upgrade! It’s incredibly user-friendly, with a clean and modern design that makes navigation simple and intuitive. I really appreciate how fast it loads and how smooth the overall experience is. All essential services like balance checks, transfers, and bill payments are eas y to find and use. The added security features give me peace of mind, and the app runs reliably without crashes or glitches. It’s clear a lot of thought went into the user experi",5,2025-04-21,Dashen,Google Play
"As an Internal Customer, Dashen Bank SuperApp has greatly simplified my online banking experience. It's easy to use, allowing me to quickly check balances, transfer money and pay Bills. The app's advanced security features are highly secure, ensuring my data is well protected. The Three click, Chat Banking and IPS features have also given me a smarter experience. In deed Dashen Bank is always steping ahead!",5,2025-04-21,Dashen,Google Play
"A truly impressive app — user-friendly and a game-changer in Ethiopian banking. The Dashen Super App stands out as one of the most innovative and convenient digital banking solutions in Ethiopia’s financial history. Smooth navigation, seamless features, and a wide range of services all in one place. Well done!",5,2025-04-21,Dashen,Google Play
dashen bank super up has very fast and convenience and also it has contain more things on one app .I am very interesting to use dashen bank super up,5,2025-04-21,Dashen,Google Play
"The Dashen Bank Super App has truly elevated my mobile banking experience. It's fast, user-friendly, and packed with all the essential features. The interface is clean and intuitive, making navigation easy even for first-time users. I also appreciate the added security features that give me peace of mind while banking on the go. Dashen Bank has done an amazing job with this app—it’s reliable, efficient, and always improving. Highly recommended for anyone looking for seamless digital banking!",5,2025-04-21,Dashen,Google Play
A fantastic product!! keep the good work.,5,2025-04-21,Dashen,Google Play
"I am very impressed with the Dashen super app. It is user-friendly and operates efficiently. The budget and chatbot features are impressive, and all items can be purchased with just three clicks.",5,2025-04-21,Dashen,Google Play
"The Dashen Super App offers a quick and user-friendly experience, bringing together a variety of services, like budgeting, payments, airtime recharges, and more, all in one convenient platform. Its sleek design and intuitive navigation ensure effortless transactions. It's evident that Dashen Bank has carefully crafted the app to make everyday financial activities easier. A great choice for anyone aiming to streamline their digital routines!",5,2025-04-21,Dashen,Google Play
Dashen supper App is the most useful app for our customers,5,2025-04-21,Dashen,Google Play
it is the most amazing mobile app,5,2025-04-21,Dashen,Google Play
A Good and fast supper app thanks for dashen bank,5,2025-04-21,Dashen,Google Play
"Dear Users of the Dashen Bank Super App,I have been using the Dashen Bank Super App for a while now, and I must say—it’s truly a game-changer! The app is incredibly fast and reliable; I’ve never encountered any delays with my transactions. One feature I absolutely love is Chat Banking. It makes everyday tasks like checking my balance or transferring money as simple as sending a quick message. Also, the budgeting tool has been a huge help in tracking my spending and giving me a clearer",5,2025-04-21,Dashen,Google Play
"Dashen Bank Super Up,use the app and makes your easy,fast,convinent.",5,2025-04-21,Dashen,Google Play
To join digital world use supper app and make your life easy,5,2025-04-21,Dashen,Google Play
best mobile banking application,5,2025-04-21,Dashen,Google Play
"This banking superapp is incredibly well designed. The design and appearance of the app and the overall experience I have when using the app is fantastic. The app is packed with features from banking to e-commerce all in one place.It even has a budget setting option which is super useful for managing my money. Everything runs smoothly and I love how convenient it has made my daily life. Huge Kudos to Dashen Bank. You are truly living up to the motto ''Always one step ahead."" Keep it up!",5,2025-04-21,Dashen,Google Play
I was really amazed by the idea of an e-commerce service on a banking app. This is what it means to be one step ahead. Please include all kinds of products in there as soon as possible.,5,2025-04-21,Dashen,Google Play
this is what we expect to get service Dashen Bank always like his slogan,5,2025-04-21,Dashen,Google Play
"Dashen SupApp is the most contemporary application, offering a great experience by enabling users to perform multiple tasks through a single platform—such as chatting with friends, transferring money, paying bills, and more. It is the first app of its kind in the Ethiopian banking industry, making it a remarkable opportunity for entrepreneurs working in app-based sales and software marketing. Good job, Dashen Bank!",5,2025-04-21,Dashen,Google Play
Dashen Super App gives me an amazing convenience and makes life easy.,5,2025-04-21,Dashen,Google Play
Wow! like his name Super App...,5,2025-04-21,Dashen,Google Play
Dashen supper app is the most special. ይምቾቱ ይለያያል!!!!,5,2025-04-21,Dashen,Google Play
convenient and fast,5,2025-04-21,Dashen,Google Play
Best- in-class app.,5,2025-04-21,Dashen,Google Play
I really like this amazing application and Dashen Supper app that has made my life easier.,5,2025-04-21,Dashen,Google Play
"amazing features, faster and easy to use",5,2025-04-21,Dashen,Google Play
"The Dashen Super App offers a modern, user-friendly experience that leverages the latest technological advancements to deliver a seamless e-commerce platform",5,2025-04-21,Dashen,Google Play
I love it. one of the best mobile banking app in the banking industry,5,2025-04-21,Dashen,Google Play
I love this app,5,2025-04-21,Dashen,Google Play
no working for me hulum information asgebiche continue or accept yemilew button ayeseram my phone is Samsung A51,1,2025-04-21,Dashen,Google Play
waw no idea the best app.,5,2025-04-19,Dashen,Google Play
fast best app,5,2025-04-18,Dashen,Google Play
nice app ever,5,2025-04-17,Dashen,Google Play
very disappointing app. Closes frequently and unstable in function,2,2025-04-17,Dashen,Google Play
"Feature-rich? Absolutely. But the speed? Painfully slow. Seriously, is it communicating with a server on Mars or something?",5,2025-04-16,Dashen,Google Play
"The Dashen Super App delivers a remarkably fast, highly secure, and exceptionally user-friendly experience, establishing it as a leading application in its category.keep it up and stay ahead Dashen Bank.",5,2025-04-14,Dashen,Google Play
So far so good! their in person customer service is amazing 👏,5,2025-04-14,Dashen,Google Play
The app is very backward and doesn't always work. If it works three hours out of 24 hours it's great!😥,1,2025-04-14,Dashen,Google Play
It's bad for the connection and too many days are it that not working,1,2025-04-12,Dashen,Google Play
"The app is not working properly, I have been using it.",1,2025-04-10,Dashen,Google Play
it is very good app,5,2025-04-10,Dashen,Google Play
"I had a disappointing experience with Dashen Bank's Super Up service. The app is very slow and takes forever to load during transactions, which is incredibly frustrating. Additionally, it doesn't generate receipts for any transactions, making it difficult to keep track of my expenses. I also reached out to customer support, but the response time was longer than expected. Overall, I was hoping for a better experience, but I find the service lacking and in need of improvement.",2,2025-04-09,Dashen,Google Play
slow cumbersome,3,2025-04-08,Dashen,Google Play
Is really 💀,2,2025-04-08,Dashen,Google Play
It's slow to send OTP. it's not reliable. It crushed many times. It needs improvement in many ways,1,2025-04-07,Dashen,Google Play
"This is the worst mobile banking experience I’ve ever had. It doesn’t work when you need it, and it randomly updates itself without warning. You can’t make transactions whenever you want. It’s a nightmare for anyone who relies on this as their main banking option, especially those with a lot of money in their account. I’m lucky I’m not one of them, but still, it’s infuriating not being able to access your money when you need it.""l",1,2025-04-07,Dashen,Google Play
"I have experienced on using the app of Banks in Ethiopia, this Dashen sup is like old version of the applications for using. I gave 3 star for it's very low speed while login and processing",3,2025-04-07,Dashen,Google Play
proud by dashen bank,5,2025-04-06,Dashen,Google Play
This app is not working unless you turn off developer mode on your phone. So it takes your rights to just use it.,2,2025-04-04,Dashen,Google Play
it's very disappointing fix it as soon as possible not expected from dashin bank fix it,1,2025-04-04,Dashen,Google Play
why dashen bank workers hidden my ATM Card 🏧?it's a big problem to me,5,2025-04-04,Dashen,Google Play
why does it ask me for both pin and opt even the opt is touch let alone both,2,2025-04-02,Dashen,Google Play
it is best app easy to use,5,2025-04-01,Dashen,Google Play
It is very easy to use and powerful application.,3,2025-04-01,Dashen,Google Play
this apps have a good feature but but some features like developer mode turn off irritate user,3,2025-03-31,Dashen,Google Play
"This is not only a mobile banking app, it is beyond that. We will access our account easily, we are able to get many information easily here. i.e. exchage rate. We are able to chat with others, we are able to budget, we are able to transfer to other bank and within Dashen. we are able to access many accounts in a single app, we are able to pay bills in QR scan, we are able to make payments and order delivery items here in a single app. #Always one step ahead.",5,2025-03-31,Dashen,Google Play
wallahi very fantastic Bank,5,2025-03-31,Dashen,Google Play
"Waw, It's amazing app. thank you Dashen Bank.",5,2025-03-31,Dashen,Google Play
"I’ve been using the Dashen Bank Super App for a while now, and it’s been a game-changer. The app is super fast and reliable—I’ve never had an issue with transactions being delayed. One of my favorite features is the chat banking, which makes it so easy to do things like check my balance or transfer money just by typing a quick message. The budgeting tool is also really useful. It helps me keep track of my spending and gives me a clear picture of where",5,2025-03-28,Dashen,Google Play
Very good app that like it too. B/c it is very fast and easy to use.,5,2025-03-26,Dashen,Google Play
too slow to use.,1,2025-03-26,Dashen,Google Play
the worst app in the market only good ui,1,2025-03-22,Dashen,Google Play
thanks for all digital transaction,5,2025-03-21,Dashen,Google Play
"This app is not supporting smart phones that have old android version and so it is none inclusive. At the same time the amole lite is not working properly and once you reached to maximum otp trail mistakes due to network or other errors like stacks , you will be tied up to make Transactions. Ohh... tired!!!!!",1,2025-03-19,Dashen,Google Play
I wanted to share some concerns about your Supper App. It appears to be experiencing reliability issues and isn’t performing as expected. I hope this can be addressed soon to improve the user experience. One star 🌟 for now.,1,2025-03-19,Dashen,Google Play
"best ever digital banking sector essay for understanding ,smart and convince for using",5,2025-03-19,Dashen,Google Play
good and latest,5,2025-03-18,Dashen,Google Play
The best App of all,5,2025-03-17,Dashen,Google Play
Worst app ever,1,2025-03-15,Dashen,Google Play
"This app is the most unreliable mobile banking application I have ever used for transaction, it is very late, non-responsive and full of bugs. Its is very disappointing. It is just inconvinient, and not user friendly and compatabke at all !!!!!!",1,2025-03-14,Dashen,Google Play
Naiycapp,5,2025-03-13,Dashen,Google Play
The app is good but it has no USSD option,4,2025-03-13,Dashen,Google Play
Hey great,5,2025-03-12,Dashen,Google Play
I have used many mobile banking and also tellebir and mpesa nothing come close to this app. Well done Dashen indeed one step a head. A lot of cool features that amole hasn't the receipt and the account statement is superb for me. I hope you add more integrated small apps to.,5,2025-03-12,Dashen,Google Play
The app is good but it ask update every week so tiring,2,2025-03-11,Dashen,Google Play
It good and easy to use,5,2025-03-11,Dashen,Google Play
"Greately improved since it was released! I really like the budget and expense tegistration feature. For ATM or POS withdrawals, it is not possible to account these expenses, even if it is visible on the transactions window. If that can be worked on, it will be improve so much!!",5,2025-03-10,Dashen,Google Play
Wow Excellent app,5,2025-03-08,Dashen,Google Play
Nice app but i experience some issues with others banks transfer it keeps saying account is not exist most of the time.,4,2025-03-08,Dashen,Google Play
Add the option to send money to any telebirr account like amole does.,3,2025-03-08,Dashen,Google Play
It's best,5,2025-03-08,Dashen,Google Play
no one dashen yichlal,5,2025-03-07,Dashen,Google Play
In short ! I'm so proud of this app developers for their highest professional of developing. Thanks,5,2025-03-06,Dashen,Google Play
The speed is too slow. Need some improvements.,2,2025-03-06,Dashen,Google Play
good app,5,2025-03-04,Dashen,Google Play
I wish dark mode feature is add as an option but it's good app,5,2025-02-27,Dashen,Google Play
"Super Up is the ultimate digital banking app, living up to its name with speed, efficiency, and innovation. Designed for a seamless experience, it offers lightning-fast transactions, top-tier security, and effortless financial management. With Super Up, banking has never been this smooth, smart, and super!",5,2025-02-26,Dashen,Google Play
"The Dashen Super App is a game-changer in digital banking, offering a seamless and convenient experience. With its user-friendly interface, fast transactions, and a wide range of financial services, it simplifies banking for customers. Features like bill payments, fund transfers, mobile top-ups, and loan applications make it an all-in-one solution. Plus, its security measures ensure safe and reliable Experiance effortless banking",5,2025-02-26,Dashen,Google Play
"It has good feature. But, it is Very Slow! difficult to pay or receive. The Speed should be improved, else I didn't recommend.",2,2025-02-24,Dashen,Google Play
best platform... Please avoid otp,5,2025-02-21,Dashen,Google Play
I don't know what happens but the application is not send verification pass code you should fix that,1,2025-02-16,Dashen,Google Play
This app doesn't work on my phone my phone is Samsung Galaxy s7 android version 9 All other financial apps work like telebirr CBE M_pesa...,1,2025-02-14,Dashen,Google Play
"Dashen Super app is secure, very easy to use and has more services uniquely like budgeting, chat, IPS...",5,2025-02-14,Dashen,Google Play
Amazing and user friendly supper app and looking forward the additional features,5,2025-02-14,Dashen,Google Play
One star deducted for not to able to transfer to telebirr.,4,2025-02-13,Dashen,Google Play
Keep up the good work and pleas add water and electric utility payment,5,2025-02-12,Dashen,Google Play
The app missed some important features 1. It does't show recent transactions 2. Transfer to Telebirr limited to own telebirr 3. The statement does't show running balance,2,2025-02-11,Dashen,Google Play
"#Dashen Super App; Super easy to use, secure, and fast transaction. Love it!",5,2025-02-07,Dashen,Google Play
"I tried the new Dash Bank Super App today, and it's amazingly easy and fun.I recommend you download and use it. You really like it",5,2025-02-06,Dashen,Google Play
"Good app, bad security",3,2025-02-06,Dashen,Google Play
On Transaction page only show sent Transaction. Try to include received transaction.,4,2025-02-06,Dashen,Google Play
Wonderful Application 😍,5,2025-02-05,Dashen,Google Play
I loved it,5,2025-02-05,Dashen,Google Play
I am so thankful for having this best app Dashen one step ahead,5,2025-02-04,Dashen,Google Play
Not good this app,1,2025-02-04,Dashen,Google Play
Excellent app ever but it needs improvement on speed and transaction lists,1,2025-02-03,Dashen,Google Play
Perfect,5,2025-02-02,Dashen,Google Play
"It does not work functional ,",1,2025-02-02,Dashen,Google Play
all of dashen bank customers use the application it is good to use,5,2025-02-01,Dashen,Google Play
"Dashen super app is easy to use, fast and robust",5,2025-01-31,Dashen,Google Play
Dashen bank super app for easy life.,5,2025-01-30,Dashen,Google Play
Excellent UI/UX and beyond Banking services👍👍,5,2025-01-30,Dashen,Google Play
Send to oher bank የሚለዉ ዉስጥ ገብተን ወደ addisinternational bank ለመላክ አይሰራም ሁለተኛ ደግሞ ወደ cbe birr ለመላክ account number ይጠይቃል ሞባይል ነበር ነዉ መጠየቅ ያለበት ይመስለኛል,2,2025-01-29,Dashen,Google Play
Just Wow,5,2025-01-29,Dashen,Google Play
mobile banking to the next level,5,2025-01-28,Dashen,Google Play
The first 3 star review is me,3,2025-01-25,Dashen,Google Play
"Fast, reliable and user friendly. Amazing chatting features. Keep it up! Always one step ahead!",5,2025-01-24,Dashen,Google Play
"This app is literally the best thing ever The chat banking is so easy just text and it’s done Super smooth, fast, and honestly a life saverIf you haven’t downloaded it yet you’re missing out big time",5,2025-01-23,Dashen,Google Play
I only see white page,2,2025-01-23,Dashen,Google Play
Excellent banking app for all your needs! Who needs a physical branch when you can use Dashen Bank Super App Instead! I've never had an issue with anything that Dashen Bank Super App haven't handled swiftly and resolved to my satisfaction and above I don't often write reviews but this is an app/bank that I would highly recommended to everyone 💯 👌👍,5,2025-01-22,Dashen,Google Play
Amizing Application 😍,5,2025-01-22,Dashen,Google Play
Fastest and easy to use,5,2025-01-22,Dashen,Google Play
Exellent app with exellent banking system and exellent bank ever,5,2025-01-21,Dashen,Google Play
Amazing app to use as usual! But why option of transferring to Telebirr and M pesa which was available on Amole app is omitted?? Dasheen is my favourite keep it up.,4,2025-01-20,Dashen,Google Play
I hope it will be better than amole,5,2025-01-18,Dashen,Google Play
Dashen yichalal. Ewnetem one step a head,5,2025-01-17,Dashen,Google Play
It has a Good performance but need more upgrade for more performance like when we login account not be fast balance show other thing looking good. Carry on. Thanks so much for Greatest service,4,2025-01-17,Dashen,Google Play
"It is a very wonderful work that has saved its time. That is why it is ""Always one step ahead!""",5,2025-01-17,Dashen,Google Play
“Life-changing!” I can’t imagine going back to traditional banking after using this app. It’s so convenient.,5,2025-01-17,Dashen,Google Play
The most good app and easy,5,2025-01-16,Dashen,Google Play
"Excellent and user friendly App. Excellence is what makes you always one step ahead. Dashen Bank, Always One Step Ahead !!",5,2025-01-16,Dashen,Google Play
Proud to be dashen family . Shout out to the serial entrepreneur 👏,5,2025-01-16,Dashen,Google Play
Better Move to catch the competition up👍,5,2025-01-16,Dashen,Google Play
"Great job my home, my bank.",5,2025-01-16,Dashen,Google Play
Always one step ahead! What a masterpiece.,5,2025-01-15,Dashen,Google Play
Great!,5,2025-01-15,Dashen,Google Play
"I love it but it has bugs during confirmation of password! So, please make it functional",5,2025-01-15,Dashen,Google Play
Always one step forward,5,2025-01-15,Dashen,Google Play
"It's great! But it will be advanced if you include a caption that allow customers to transfer to Telebirr account. Dashen Bank, ""ኩሉ ግዜ፡ ሓደ ስጕሚ ቀዳሚ።"" (Always one step ahead!)",4,2025-01-15,Dashen,Google Play
Small size with vast features and functionalities.,5,2025-01-15,Dashen,Google Play
Amazing app 👏 👌 Dashen bank one step a head,5,2025-01-15,Dashen,Google Play
"It has a great application features from the beginning. I'm glad to use it even I haven't used it yet because I haven't activated my account yet. But it's simple, comprehensive, full of information, and fast. በርቱ ዳሸኖች: The super app has impressed me more than I expected.",5,2025-01-15,Dashen,Google Play
Dashen Bank Always One Step Ahead!,5,2025-01-15,Dashen,Google Play
U can't create account,1,2025-01-15,Dashen,Google Play
Really super app... so seamless and with a nice user interface .. we are proud of you dashen bank ...,5,2025-01-15,Dashen,Google Play
We will see it,2,2025-01-15,Dashen,Google Play
Always one step a head!,5,2025-01-15,Dashen,Google Play
"A lightweight,catchy and smooth app",5,2025-01-15,Dashen,Google Play
Very impressive interface with best security feature and user friendly app.,5,2025-01-15,Dashen,Google Play
It is so far so good it has a unique features than telebirr good job Dashen,5,2025-01-15,Dashen,Google Play
"Yea , it's a good idea to make it with the bank name, it will help for the bank easily to find the application, and customers can easily downloed and use the product. I wish all the best for Dashen bank initiative.",5,2025-01-15,Dashen,Google Play
This is My Bank!,5,2025-01-15,Dashen,Google Play
"Truly, db => AlwaysOneStepAhead !!",5,2025-01-14,Dashen,Google Play
Well developed,5,2025-01-14,Dashen,Google Play
Really the app looks like amazing. I can't wait to activate in the morning.,5,2025-01-14,Dashen,Google Play
Applause 👏 Dashen Bank. One of the best super app inorder to pay easily and securely. One step a head.,5,2025-01-14,Dashen,Google Play
Wow Dashen Super App 🚀🚀,5,2025-01-14,Dashen,Google Play
All in One,5,2025-01-14,Dashen,Google Play
The best Banking app I have ever seen,5,2025-01-14,Dashen,Google Play
It looks good and simple to use,5,2025-01-14,Dashen,Google Play
App That makes Difference!,5,2025-01-14,Dashen,Google Play
"Waw Great and innovated,user friendly, always one step ahead",5,2025-01-13,Dashen,Google Play
Always one step ahead,5,2025-01-13,Dashen,Google Play
"Like Me, I Hope It Works Better Than Before.",5,2025-01-11,Dashen,Google Play
